index,clarity_label,deberta_en_base_unfreezing25_fixed_multilayerhead_originaldata_truncheadtail_losswce_predictionscsv__predicted_label,deberta_en_base_unfreezing25_fixed_multilayerhead_originaldata_truncheadtail_losswce_predictionscsv__predicted_confidence,mdeberta_multi_base_unfreezing25_fixed_avgpoolhead_head_focal_dropout10_noaug_predictionscsv__predicted_label,mdeberta_multi_base_unfreezing25_fixed_avgpoolhead_head_focal_dropout10_noaug_predictionscsv__predicted_confidence,bert_en_base_lora16_fixed_default_originaldata_truncheadtail_losswce_predictionscsv__predicted_label,bert_en_base_lora16_fixed_default_originaldata_truncheadtail_losswce_predictionscsv__predicted_confidence,mbert_multi_base_unfreezing25_fixed_defaulthead_originaldata_trunchead_lossce_predictionscsv__predicted_label,mbert_multi_base_unfreezing25_fixed_defaulthead_originaldata_trunchead_lossce_predictionscsv__predicted_confidence,roberta_en_base_unfreezing75_fixed_avgpoolhead_originaldata_truncheadtail_losswce_predictionscsv__predicted_label,roberta_en_base_unfreezing75_fixed_avgpoolhead_originaldata_truncheadtail_losswce_predictionscsv__predicted_confidence,roberta_en_large_unfreezing25_fixed_avgpoolhead_originaldata_trunchead_losswce_predictionscsv__predicted_label,roberta_en_large_unfreezing25_fixed_avgpoolhead_originaldata_trunchead_losswce_predictionscsv__predicted_confidence,xlmr_multi_base_unfreezing25_fixed_defaulthead_originaldata_trunchead_lossce_predictionscsv__predicted_label,xlmr_multi_base_unfreezing25_fixed_defaulthead_originaldata_trunchead_lossce_predictionscsv__predicted_confidence,xlmr_multi_large_unfreezing25_fixed_defaulthead_originaldata_truncheadtail_losswce_predictionscsv__predicted_label,xlmr_multi_large_unfreezing25_fixed_defaulthead_originaldata_truncheadtail_losswce_predictionscsv__predicted_confidence,predicted_label
0,Ambivalent,Ambivalent,0.9996840953826904,Ambivalent,0.8212137222290039,Ambivalent,0.7113953828811646,Ambivalent,0.9982137680053712,Ambivalent,0.9965873956680298,Ambivalent,0.9773658514022828,Ambivalent,0.6925426125526428,Ambivalent,0.544156551361084,Ambivalent
1,Ambivalent,Ambivalent,0.9942809343338012,Ambivalent,0.9415788650512696,Ambivalent,0.6422882080078125,Ambivalent,0.9962337613105774,Clear Reply,0.9962115287780762,Ambivalent,0.844341516494751,Ambivalent,0.674126923084259,Ambivalent,0.5434545278549194,Ambivalent
2,Ambivalent,Clear Reply,0.6362573504447937,Ambivalent,0.7214920520782471,Ambivalent,0.5941559672355652,Ambivalent,0.9642879366874696,Ambivalent,0.9537463188171388,Clear Reply,0.7066704034805298,Ambivalent,0.605130136013031,Ambivalent,0.5433077812194824,Ambivalent
3,Ambivalent,Ambivalent,0.8402521014213562,Clear Non-Reply,0.9158115983009338,Ambivalent,0.4612213969230652,Clear Reply,0.8421451449394226,Clear Non-Reply,0.859495222568512,Ambivalent,0.8202691674232483,Ambivalent,0.5978203415870667,Ambivalent,0.5434585809707642,Ambivalent
4,Ambivalent,Clear Reply,0.9982089996337892,Clear Reply,0.8015235066413879,Ambivalent,0.5884491205215454,Clear Reply,0.9963041543960572,Ambivalent,0.9930223822593688,Clear Reply,0.9194433689117432,Clear Reply,0.8298699855804443,Clear Reply,0.8301714658737183,Clear Reply
5,Ambivalent,Clear Reply,0.6917314529418945,Ambivalent,0.7314026355743408,Ambivalent,0.5891594886779785,Ambivalent,0.7543964385986328,Clear Reply,0.9459322690963744,Ambivalent,0.5838672518730164,Ambivalent,0.5402827858924866,Ambivalent,0.5481646656990051,Ambivalent
6,Ambivalent,Ambivalent,0.9997650980949402,Ambivalent,0.9793201684951782,Ambivalent,0.6407268643379211,Ambivalent,0.9990130662918092,Ambivalent,0.9998278617858888,Ambivalent,0.937279462814331,Ambivalent,0.6329944133758545,Ambivalent,0.5445167422294617,Ambivalent
7,Ambivalent,Ambivalent,0.99931800365448,Ambivalent,0.9889957904815674,Ambivalent,0.7189253568649292,Ambivalent,0.9430582523345948,Ambivalent,0.9881808757781982,Ambivalent,0.975572109222412,Ambivalent,0.6456926465034485,Ambivalent,0.5430365204811096,Ambivalent
8,Ambivalent,Clear Reply,0.9988855719566344,Clear Reply,0.9751911759376526,Clear Reply,0.712628960609436,Ambivalent,0.8741662502288818,Clear Reply,0.9992220401763916,Clear Reply,0.8780606985092163,Ambivalent,0.5681868195533752,Ambivalent,0.5422853231430054,Clear Reply
9,Ambivalent,Ambivalent,0.9988127946853638,Ambivalent,0.977912425994873,Ambivalent,0.7168880105018616,Ambivalent,0.997495174407959,Ambivalent,0.998508870601654,Ambivalent,0.7325479984283447,Ambivalent,0.6155384182929993,Ambivalent,0.543005645275116,Ambivalent
10,Ambivalent,Ambivalent,0.99553644657135,Ambivalent,0.905773937702179,Clear Reply,0.5171146392822266,Clear Reply,0.6652197241783142,Ambivalent,0.9996248483657836,Ambivalent,0.8479648232460022,Ambivalent,0.5819436311721802,Ambivalent,0.5432276129722595,Ambivalent
11,Clear Reply,Ambivalent,0.7005650997161865,Clear Reply,0.9694570302963256,Ambivalent,0.5677492618560791,Ambivalent,0.9926992058753968,Ambivalent,0.9965882301330566,Ambivalent,0.6188219785690308,Ambivalent,0.5230147242546082,Ambivalent,0.5433503985404968,Ambivalent
12,Ambivalent,Ambivalent,0.9574950337409972,Clear Reply,0.8566887378692627,Clear Reply,0.7784034609794617,Ambivalent,0.7281210422515869,Clear Reply,0.986634373664856,Clear Reply,0.8327193260192871,Clear Reply,0.639208972454071,Clear Reply,0.8068369626998901,Clear Reply
13,Clear Reply,Ambivalent,0.987070083618164,Clear Reply,0.8170962929725647,Ambivalent,0.6184467673301697,Ambivalent,0.552784264087677,Ambivalent,0.5195676684379578,Ambivalent,0.7634001970291138,Clear Reply,0.5076528191566467,Ambivalent,0.5432065725326538,Ambivalent
14,Ambivalent,Ambivalent,0.9998286962509156,Ambivalent,0.7118504047393799,Clear Reply,0.5762342810630798,Ambivalent,0.9973481893539428,Ambivalent,0.9997205138206482,Ambivalent,0.7776147723197937,Ambivalent,0.5277451872825623,Ambivalent,0.5431543588638306,Ambivalent
15,Clear Reply,Clear Reply,0.9984906911849976,Clear Reply,0.9344956874847412,Clear Reply,0.6259538531303406,Clear Reply,0.9513736963272096,Clear Reply,0.9987841248512268,Clear Reply,0.8699650764465332,Ambivalent,0.5775091648101807,Ambivalent,0.5431317090988159,Clear Reply
16,Ambivalent,Clear Reply,0.5721436142921448,Ambivalent,0.8265878558158875,Ambivalent,0.5534029006958008,Ambivalent,0.9947750568389891,Ambivalent,0.986446499824524,Ambivalent,0.627524197101593,Ambivalent,0.6874688863754272,Clear Non-Reply,0.962007999420166,Ambivalent
17,Ambivalent,Ambivalent,0.9995967745780944,Ambivalent,0.58343106508255,Clear Non-Reply,0.4765274822711944,Clear Non-Reply,0.9183005094528198,Ambivalent,0.999904990196228,Ambivalent,0.9272810220718384,Ambivalent,0.5322004556655884,Clear Reply,0.722072184085846,Ambivalent
18,Ambivalent,Ambivalent,0.9998810291290284,Ambivalent,0.980670928955078,Ambivalent,0.6142021417617798,Ambivalent,0.9959508180618286,Ambivalent,0.996907651424408,Ambivalent,0.8028966784477234,Ambivalent,0.5961185097694397,Ambivalent,0.5419471859931946,Ambivalent
19,Ambivalent,Ambivalent,0.9995580315589904,Ambivalent,0.6189863085746765,Clear Reply,0.6909300684928894,Ambivalent,0.8152943849563599,Clear Reply,0.762957751750946,Ambivalent,0.8655897974967957,Clear Reply,0.5411255955696106,Clear Reply,0.7430062890052795,Ambivalent
20,Ambivalent,Ambivalent,0.8253329992294312,Ambivalent,0.679445743560791,Ambivalent,0.6344479322433472,Ambivalent,0.8113398551940918,Ambivalent,0.996407687664032,Ambivalent,0.8124435544013977,Ambivalent,0.5898727178573608,Ambivalent,0.5433842539787292,Ambivalent
21,Clear Reply,Clear Reply,0.9987714886665344,Clear Reply,0.991985559463501,Clear Reply,0.826055109500885,Clear Reply,0.9966614246368408,Clear Reply,0.999811351299286,Clear Reply,0.9451020956039428,Clear Reply,0.7849259972572327,Clear Reply,0.8186947107315063,Clear Reply
22,Ambivalent,Ambivalent,0.9611911177635192,Ambivalent,0.9753149747848512,Ambivalent,0.4750154614448547,Ambivalent,0.998377799987793,Ambivalent,0.9993322491645812,Ambivalent,0.5470572710037231,Ambivalent,0.6461904644966125,Ambivalent,0.5442371368408203,Ambivalent
23,Ambivalent,Ambivalent,0.9989238381385804,Ambivalent,0.975716233253479,Ambivalent,0.4955961406230926,Ambivalent,0.994353175163269,Ambivalent,0.9994660019874572,Ambivalent,0.8946015238761902,Ambivalent,0.6574516892433167,Ambivalent,0.543474018573761,Ambivalent
24,Ambivalent,Ambivalent,0.999669313430786,Ambivalent,0.9831753969192504,Ambivalent,0.5560452938079834,Ambivalent,0.9943231344223022,Ambivalent,0.9928570985794068,Ambivalent,0.5710353851318359,Clear Reply,0.5528281331062317,Ambivalent,0.5363475680351257,Ambivalent
25,Ambivalent,Ambivalent,0.9852627515792848,Ambivalent,0.9391106963157654,Ambivalent,0.4976345002651214,Ambivalent,0.9971664547920228,Ambivalent,0.6534922122955322,Ambivalent,0.97008216381073,Ambivalent,0.6486781239509583,Ambivalent,0.538447916507721,Ambivalent
26,Ambivalent,Ambivalent,0.9712980389595032,Ambivalent,0.9566676020622252,Ambivalent,0.5574759244918823,Ambivalent,0.5593652129173279,Ambivalent,0.9982277750968932,Ambivalent,0.9426966905593872,Ambivalent,0.5636498332023621,Ambivalent,0.5277838706970215,Ambivalent
27,Ambivalent,Ambivalent,0.9849882125854492,Ambivalent,0.9856656193733216,Ambivalent,0.692296028137207,Ambivalent,0.9365702867507936,Ambivalent,0.999594271183014,Ambivalent,0.9562028646469116,Ambivalent,0.656253457069397,Ambivalent,0.5434809327125549,Ambivalent
28,Ambivalent,Ambivalent,0.9961929321289062,Ambivalent,0.5358667969703674,Ambivalent,0.590818464756012,Ambivalent,0.9978001713752748,Ambivalent,0.9993993043899536,Clear Reply,0.6240376830101013,Ambivalent,0.649182915687561,Ambivalent,0.5432215332984924,Ambivalent
29,Clear Non-Reply,Clear Non-Reply,0.7063432335853577,Ambivalent,0.9878852963447572,Ambivalent,0.5367080569267273,Ambivalent,0.5313358902931213,Ambivalent,0.9971374273300172,Ambivalent,0.7100507020950317,Ambivalent,0.6599653959274292,Clear Non-Reply,0.9569286704063416,Ambivalent
30,Clear Reply,Clear Reply,0.9983820915222168,Clear Reply,0.842006266117096,Clear Reply,0.7515979409217834,Ambivalent,0.9946545362472534,Clear Reply,0.99468332529068,Ambivalent,0.6685879230499268,Ambivalent,0.6745023727416992,Ambivalent,0.5432482361793518,Clear Reply
31,Ambivalent,Clear Reply,0.9842444062232972,Ambivalent,0.6957482099533081,Clear Reply,0.6805862188339233,Ambivalent,0.5120011568069458,Ambivalent,0.9998075366020204,Clear Reply,0.8485206961631775,Ambivalent,0.6196808218955994,Ambivalent,0.5429735779762268,Ambivalent
32,Clear Non-Reply,Ambivalent,0.9984776377677916,Ambivalent,0.9566678404808044,Ambivalent,0.6287245154380798,Clear Reply,0.7510523200035095,Ambivalent,0.9998776912689208,Ambivalent,0.844575047492981,Ambivalent,0.7455528974533081,Clear Reply,0.7798569202423096,Ambivalent
33,Ambivalent,Clear Non-Reply,0.6672378182411194,Ambivalent,0.6495296955108643,Ambivalent,0.597408652305603,Ambivalent,0.9265384674072266,Ambivalent,0.9016773104667664,Clear Non-Reply,0.4502778649330139,Ambivalent,0.4791058599948883,Clear Non-Reply,0.9630779027938844,Ambivalent
34,Ambivalent,Ambivalent,0.9965741634368896,Ambivalent,0.848162829875946,Clear Reply,0.6506003141403198,Ambivalent,0.569587767124176,Ambivalent,0.999882698059082,Clear Reply,0.8349543213844299,Ambivalent,0.5184181332588196,Clear Reply,0.8175538778305054,Ambivalent
35,Ambivalent,Ambivalent,0.9932122230529784,Ambivalent,0.8497655987739563,Ambivalent,0.643069863319397,Ambivalent,0.9979977011680604,Ambivalent,0.9998134970664978,Ambivalent,0.9898698925971984,Ambivalent,0.6824486255645752,Ambivalent,0.5435070991516113,Ambivalent
36,Clear Reply,Ambivalent,0.9999449253082277,Ambivalent,0.9942769408226012,Ambivalent,0.5281949639320374,Ambivalent,0.9754648804664612,Ambivalent,0.9997150301933287,Ambivalent,0.7090774774551392,Ambivalent,0.7860324382781982,Ambivalent,0.5380133390426636,Ambivalent
37,Ambivalent,Clear Reply,0.8844695091247559,Clear Reply,0.7907074093818665,Clear Reply,0.6138015389442444,Clear Reply,0.9513460397720336,Clear Reply,0.9983056783676147,Ambivalent,0.5282160639762878,Ambivalent,0.6052220463752747,Ambivalent,0.5432623028755188,Clear Reply
38,Ambivalent,Clear Reply,0.7132571339607239,Clear Reply,0.8942266702651978,Clear Reply,0.5542175769805908,Clear Reply,0.9790615439414978,Clear Reply,0.998729169368744,Clear Reply,0.6780058741569519,Ambivalent,0.6066190600395203,Ambivalent,0.5404924154281616,Clear Reply
39,Ambivalent,Ambivalent,0.9996802806854248,Ambivalent,0.9445558190345764,Ambivalent,0.7017255425453186,Ambivalent,0.5915740132331848,Ambivalent,0.999595820903778,Ambivalent,0.8731522560119629,Ambivalent,0.5792059302330017,Ambivalent,0.543154776096344,Ambivalent
40,Ambivalent,Ambivalent,0.8368603587150574,Ambivalent,0.6935002207756042,Ambivalent,0.5526681542396545,Ambivalent,0.8857992887496948,Clear Non-Reply,0.99898761510849,Ambivalent,0.5153067708015442,Clear Non-Reply,0.8880167007446289,Ambivalent,0.5443719029426575,Ambivalent
41,Ambivalent,Ambivalent,0.9994995594024658,Ambivalent,0.8938961029052734,Ambivalent,0.6696022152900696,Ambivalent,0.9991241097450256,Ambivalent,0.9978750944137572,Ambivalent,0.9741498827934264,Ambivalent,0.5761398077011108,Ambivalent,0.543520450592041,Ambivalent
42,Ambivalent,Ambivalent,0.9840206503868104,Ambivalent,0.963550627231598,Ambivalent,0.4986785352230072,Ambivalent,0.9035364985466005,Ambivalent,0.9203850030899048,Ambivalent,0.8084951639175415,Ambivalent,0.5636832118034363,Ambivalent,0.5245916843414307,Ambivalent
43,Ambivalent,Ambivalent,0.8986098170280457,Ambivalent,0.5841859579086304,Ambivalent,0.5321265459060669,Clear Non-Reply,0.9310662746429444,Clear Non-Reply,0.9990826845169068,Clear Non-Reply,0.786108672618866,Clear Non-Reply,0.5557515025138855,Clear Non-Reply,0.9653351306915284,Clear Non-Reply
44,Ambivalent,Ambivalent,0.6891111135482788,Ambivalent,0.8140026330947876,Ambivalent,0.6193864345550537,Ambivalent,0.998588502407074,Ambivalent,0.8157634139060974,Ambivalent,0.9850867986679076,Ambivalent,0.6194469332695007,Ambivalent,0.5434673428535461,Ambivalent
45,Ambivalent,Ambivalent,0.981533706188202,Ambivalent,0.5257858037948608,Ambivalent,0.6447563171386719,Ambivalent,0.9886520504951476,Clear Reply,0.9806385636329652,Ambivalent,0.9863885045051576,Ambivalent,0.6791988611221313,Ambivalent,0.5424792766571045,Ambivalent
46,Clear Reply,Clear Reply,0.984198808670044,Clear Reply,0.916848599910736,Clear Reply,0.6037144064903259,Clear Reply,0.9948747754096984,Clear Reply,0.9996957778930664,Clear Reply,0.7724548578262329,Clear Reply,0.6014559864997864,Clear Reply,0.8193609118461609,Clear Reply
47,Ambivalent,Clear Reply,0.998293936252594,Clear Reply,0.8509991765022278,Ambivalent,0.5839268565177917,Ambivalent,0.9411653876304626,Clear Reply,0.9767483472824096,Clear Reply,0.7444624304771423,Ambivalent,0.6736989617347717,Ambivalent,0.5436264276504517,Clear Reply
48,Ambivalent,Clear Reply,0.9919188618659972,Clear Reply,0.5321183800697327,Ambivalent,0.6873612999916077,Ambivalent,0.7976530194282532,Ambivalent,0.9986268281936646,Clear Reply,0.7942320108413696,Ambivalent,0.4984977841377258,Clear Reply,0.4738663733005523,Ambivalent
49,Clear Non-Reply,Ambivalent,0.7178780436515808,Ambivalent,0.6250208020210266,Clear Non-Reply,0.9265504479408264,Clear Non-Reply,0.9945662021636964,Clear Non-Reply,0.793735682964325,Clear Non-Reply,0.8662101030349731,Clear Non-Reply,0.7862443327903748,Clear Non-Reply,0.9530690908432008,Clear Non-Reply
50,Ambivalent,Clear Reply,0.9962672591209412,Ambivalent,0.8519449830055237,Clear Reply,0.649665355682373,Clear Reply,0.5146501660346985,Ambivalent,0.994927167892456,Clear Reply,0.7879520654678345,Ambivalent,0.6267027258872986,Ambivalent,0.5431360006332397,Clear Reply
51,Clear Reply,Clear Reply,0.984788417816162,Clear Reply,0.5132144093513489,Clear Reply,0.4873121082782745,Ambivalent,0.7447724938392639,Clear Reply,0.5507388114929199,Clear Reply,0.8183944225311279,Clear Reply,0.572898268699646,Clear Reply,0.6923059821128845,Clear Reply
52,Ambivalent,Clear Reply,0.9971755743026732,Ambivalent,0.6931384801864624,Clear Reply,0.6628659963607788,Clear Reply,0.9712680578231812,Clear Reply,0.9776881337165833,Clear Reply,0.9524052143096924,Clear Reply,0.8513928651809692,Clear Reply,0.7486842274665833,Clear Reply
53,Ambivalent,Ambivalent,0.9992027878761292,Ambivalent,0.9901446104049684,Ambivalent,0.7344416379928589,Ambivalent,0.993493378162384,Ambivalent,0.9996459484100342,Ambivalent,0.7750555872917175,Clear Reply,0.6292993426322937,Clear Reply,0.5490466356277466,Ambivalent
54,Clear Reply,Clear Reply,0.8319222331047058,Clear Reply,0.9830158352851868,Ambivalent,0.639777421951294,Ambivalent,0.799731433391571,Ambivalent,0.9965820908546448,Ambivalent,0.7020201086997986,Clear Non-Reply,0.8262593746185303,Clear Non-Reply,0.7167187333106995,Ambivalent
55,Ambivalent,Ambivalent,0.9792714715003968,Ambivalent,0.9386518001556396,Ambivalent,0.5810293555259705,Ambivalent,0.9938526153564452,Clear Reply,0.961637020111084,Ambivalent,0.725105345249176,Ambivalent,0.5340364575386047,Ambivalent,0.5385090708732605,Ambivalent
56,Clear Non-Reply,Ambivalent,0.9997087121009828,Ambivalent,0.9617074728012084,Clear Non-Reply,0.950123369693756,Ambivalent,0.9945765733718872,Ambivalent,0.9997872710227966,Clear Non-Reply,0.8855661749839783,Clear Non-Reply,0.8448650240898132,Ambivalent,0.5460293292999268,Ambivalent
57,Ambivalent,Clear Non-Reply,0.7350969314575195,Ambivalent,0.7732870578765869,Ambivalent,0.6010575294494629,Clear Reply,0.608576774597168,Clear Non-Reply,0.981540322303772,Ambivalent,0.8094571828842163,Clear Non-Reply,0.8700563907623291,Ambivalent,0.544256865978241,Ambivalent
58,Clear Reply,Clear Reply,0.5059648752212524,Ambivalent,0.905620813369751,Clear Reply,0.7078908085823059,Ambivalent,0.5929003357887268,Ambivalent,0.9973875880241394,Ambivalent,0.8780512809753418,Clear Non-Reply,0.7234477996826172,Ambivalent,0.5434435606002808,Ambivalent
59,Ambivalent,Ambivalent,0.999824583530426,Ambivalent,0.6285433173179626,Clear Reply,0.5365478992462158,Ambivalent,0.992855668067932,Ambivalent,0.9995286464691162,Clear Reply,0.5920450091362,Ambivalent,0.6847653985023499,Ambivalent,0.5435408353805542,Ambivalent
60,Clear Reply,Clear Reply,0.5570741295814514,Ambivalent,0.5006598830223083,Clear Non-Reply,0.6243832111358643,Clear Reply,0.9675215482711792,Clear Reply,0.8753509521484375,Clear Non-Reply,0.9226974844932556,Ambivalent,0.679561197757721,Ambivalent,0.5358198285102844,Clear Reply
61,Clear Reply,Clear Reply,0.999381422996521,Clear Reply,0.9572651982307434,Clear Reply,0.8821610808372498,Clear Reply,0.992453396320343,Clear Reply,0.9997629523277284,Clear Reply,0.9752241373062134,Clear Reply,0.7458691596984863,Clear Reply,0.8028045892715454,Clear Reply
62,Ambivalent,Ambivalent,0.999456226825714,Ambivalent,0.935132384300232,Ambivalent,0.6344282031059265,Ambivalent,0.9968523383140564,Ambivalent,0.9983540773391724,Clear Reply,0.8182376623153687,Clear Reply,0.5015524625778198,Ambivalent,0.5437332391738892,Ambivalent
63,Clear Reply,Clear Reply,0.8118173480033875,Clear Reply,0.7473288178443909,Clear Reply,0.807915449142456,Ambivalent,0.6970292329788208,Ambivalent,0.9999432563781738,Clear Reply,0.9331579208374025,Clear Reply,0.7286689281463623,Clear Reply,0.8180508017539978,Clear Reply
64,Ambivalent,Ambivalent,0.9593254923820496,Ambivalent,0.9418853521347046,Ambivalent,0.7386693954467773,Ambivalent,0.999385952949524,Ambivalent,0.999881625175476,Ambivalent,0.8694799542427063,Ambivalent,0.6210388541221619,Ambivalent,0.5445271134376526,Ambivalent
65,Ambivalent,Clear Reply,0.9956543445587158,Clear Reply,0.7923343777656555,Ambivalent,0.5821242332458496,Clear Reply,0.977501630783081,Clear Reply,0.9730660915374756,Clear Reply,0.8749009370803833,Ambivalent,0.5056466460227966,Ambivalent,0.4680990278720855,Clear Reply
66,Clear Reply,Clear Reply,0.9992496371269226,Clear Reply,0.9416695237159728,Clear Reply,0.6129174828529358,Clear Reply,0.9196683764457704,Clear Reply,0.9996187686920166,Clear Reply,0.8996727466583252,Ambivalent,0.6042400002479553,Ambivalent,0.5409942865371704,Clear Reply
67,Clear Reply,Ambivalent,0.9997617602348328,Clear Reply,0.5096393823623657,Ambivalent,0.5887470841407776,Ambivalent,0.9231134653091432,Ambivalent,0.9847458600997924,Ambivalent,0.9224211573600768,Ambivalent,0.6192777156829834,Ambivalent,0.5436589121818542,Ambivalent
68,Ambivalent,Ambivalent,0.9992367029190063,Ambivalent,0.9613568782806396,Ambivalent,0.5230703949928284,Clear Reply,0.9685614705085754,Ambivalent,0.9981479644775392,Ambivalent,0.8856551647186279,Ambivalent,0.5084505677223206,Ambivalent,0.5430828928947449,Ambivalent
69,Clear Reply,Ambivalent,0.904441773891449,Clear Reply,0.887740433216095,Clear Reply,0.6187567710876465,Clear Reply,0.6227651238441467,Clear Reply,0.9984506368637084,Clear Reply,0.7417795658111572,Clear Reply,0.5915066003799438,Clear Reply,0.7650220394134521,Clear Reply
70,Clear Reply,Ambivalent,0.9991437196731568,Clear Reply,0.7019778490066528,Ambivalent,0.6709880232810974,Clear Reply,0.5478230714797974,Clear Reply,0.9995272159576416,Clear Reply,0.8031449317932129,Ambivalent,0.6879991888999939,Clear Reply,0.5898663997650146,Clear Reply
71,Clear Non-Reply,Clear Non-Reply,0.9105416536331176,Clear Non-Reply,0.6790810823440552,Ambivalent,0.5925596952438354,Clear Non-Reply,0.9527103304862976,Clear Non-Reply,0.9786996841430664,Clear Non-Reply,0.991969645023346,Clear Non-Reply,0.9269400238990784,Clear Non-Reply,0.5214393734931946,Clear Non-Reply
72,Clear Non-Reply,Clear Non-Reply,0.9923155307769777,Clear Non-Reply,0.8918952941894531,Clear Non-Reply,0.4666720926761627,Clear Non-Reply,0.9935976266860962,Clear Non-Reply,0.999974012374878,Clear Non-Reply,0.9995241165161132,Clear Non-Reply,0.9648870229721068,Clear Non-Reply,0.970400333404541,Clear Non-Reply
73,Clear Reply,Clear Reply,0.9881205558776855,Ambivalent,0.8322777152061462,Clear Reply,0.6953207850456238,Clear Reply,0.8361408114433289,Ambivalent,0.9999194145202636,Ambivalent,0.6425276398658752,Clear Reply,0.570987343788147,Clear Reply,0.6379688382148743,Clear Reply
74,Ambivalent,Clear Reply,0.998519480228424,Clear Reply,0.9448679089546204,Ambivalent,0.6247410178184509,Ambivalent,0.9718870520591736,Ambivalent,0.9968673586845398,Ambivalent,0.6548115611076355,Ambivalent,0.6054397225379944,Ambivalent,0.5428035259246826,Ambivalent
75,Ambivalent,Ambivalent,0.9997090697288512,Clear Reply,0.7625116109848022,Ambivalent,0.6688721179962158,Ambivalent,0.9632543325424194,Ambivalent,0.9997119307518004,Ambivalent,0.9436389803886414,Ambivalent,0.5984027981758118,Clear Reply,0.5430377125740051,Ambivalent
76,Clear Reply,Clear Reply,0.5712785720825195,Clear Reply,0.8062413930892944,Clear Reply,0.6221022605895996,Clear Reply,0.9454650282859802,Clear Reply,0.9994282126426696,Clear Reply,0.7897374033927917,Ambivalent,0.6030349731445312,Ambivalent,0.5420233011245728,Clear Reply
77,Ambivalent,Ambivalent,0.9729411602020264,Ambivalent,0.9640020728111268,Clear Non-Reply,0.6648494005203247,Ambivalent,0.9782060384750366,Ambivalent,0.9993295669555664,Ambivalent,0.8151410818099976,Ambivalent,0.6206575036048889,Ambivalent,0.5428765416145325,Ambivalent
78,Ambivalent,Ambivalent,0.9982342720031738,Ambivalent,0.9821565747261048,Clear Reply,0.4922286570072174,Ambivalent,0.9958112239837646,Ambivalent,0.9991010427474976,Ambivalent,0.9080109000205994,Ambivalent,0.6106162071228027,Clear Reply,0.7443464994430542,Ambivalent
79,Ambivalent,Clear Reply,0.9986351132392884,Clear Reply,0.7748526334762573,Clear Reply,0.5197044014930725,Clear Reply,0.7032206654548645,Clear Reply,0.999626874923706,Clear Reply,0.9040003418922424,Ambivalent,0.5929051041603088,Ambivalent,0.5417176485061646,Clear Reply
80,Clear Reply,Ambivalent,0.9602407217025756,Clear Reply,0.7772966027259827,Clear Reply,0.693353533744812,Clear Reply,0.8729757070541382,Clear Reply,0.763761579990387,Clear Reply,0.8606528043746948,Clear Reply,0.7337141633033752,Clear Reply,0.8121765851974487,Clear Reply
81,Ambivalent,Ambivalent,0.996871292591095,Ambivalent,0.8835856318473816,Ambivalent,0.5080137252807617,Clear Non-Reply,0.9785850048065186,Clear Non-Reply,0.939951479434967,Clear Non-Reply,0.5694028735160828,Ambivalent,0.5269761681556702,Ambivalent,0.5430029034614563,Ambivalent
82,Ambivalent,Ambivalent,0.9814983010292052,Ambivalent,0.8236092329025269,Ambivalent,0.5930402874946594,Ambivalent,0.9953573346138,Ambivalent,0.9745146036148072,Ambivalent,0.9094469547271729,Ambivalent,0.5408266186714172,Ambivalent,0.5430132150650024,Ambivalent
83,Ambivalent,Clear Non-Reply,0.9949392080307008,Ambivalent,0.6723265647888184,Ambivalent,0.5398548245429993,Clear Non-Reply,0.9090214371681212,Clear Non-Reply,0.9472629427909852,Clear Non-Reply,0.7717653512954712,Clear Non-Reply,0.5162952542304993,Clear Non-Reply,0.9637464284896852,Clear Non-Reply
84,Clear Non-Reply,Clear Non-Reply,0.9404267072677612,Clear Non-Reply,0.802668035030365,Clear Non-Reply,0.8103941082954407,Clear Non-Reply,0.5028747916221619,Clear Reply,0.8671265840530396,Clear Non-Reply,0.7528098225593567,Clear Non-Reply,0.8180464506149292,Clear Non-Reply,0.9515740871429444,Clear Non-Reply
85,Ambivalent,Ambivalent,0.9990546107292176,Ambivalent,0.8268499970436096,Clear Reply,0.4972630441188812,Ambivalent,0.9548471570014954,Clear Reply,0.998527765274048,Clear Reply,0.8109071850776672,Clear Reply,0.5137935280799866,Ambivalent,0.5415992736816406,Ambivalent
86,Ambivalent,Ambivalent,0.8479976058006287,Clear Reply,0.6766722798347473,Ambivalent,0.5650328993797302,Ambivalent,0.9597961902618408,Ambivalent,0.9996172189712524,Ambivalent,0.8965256214141846,Ambivalent,0.6191303133964539,Ambivalent,0.5434871912002563,Ambivalent
87,Clear Reply,Clear Reply,0.9983270764350892,Clear Reply,0.8556289076805115,Clear Reply,0.5951673984527588,Clear Reply,0.5668532848358154,Clear Reply,0.999743640422821,Clear Reply,0.9264116883277892,Ambivalent,0.6339794397354126,Clear Reply,0.7294625043869019,Clear Reply
88,Clear Non-Reply,Clear Non-Reply,0.9920327663421632,Clear Non-Reply,0.7361851334571838,Clear Non-Reply,0.9105397462844848,Ambivalent,0.9258208274841307,Clear Non-Reply,0.9938220977783204,Clear Non-Reply,0.5004943609237671,Ambivalent,0.5638664364814758,Ambivalent,0.5438175797462463,Clear Non-Reply
89,Clear Reply,Clear Reply,0.9971529245376588,Clear Reply,0.7857698202133179,Ambivalent,0.6226317286491394,Ambivalent,0.9840923547744752,Ambivalent,0.9997414946556092,Ambivalent,0.9867913722991944,Ambivalent,0.6302716732025146,Ambivalent,0.5430696606636047,Ambivalent
90,Clear Reply,Ambivalent,0.571662425994873,Clear Reply,0.6592963337898254,Ambivalent,0.5604937672615051,Ambivalent,0.996515154838562,Ambivalent,0.9993619322776794,Ambivalent,0.9147761464118958,Ambivalent,0.6248534917831421,Ambivalent,0.5426616668701172,Ambivalent
91,Ambivalent,Ambivalent,0.9997757077217102,Ambivalent,0.849910318851471,Clear Reply,0.4951243102550506,Ambivalent,0.5373736023902893,Ambivalent,0.9760949611663818,Clear Reply,0.7386668920516968,Ambivalent,0.5870864987373352,Ambivalent,0.5429399013519287,Ambivalent
92,Ambivalent,Ambivalent,0.9971901774406432,Ambivalent,0.8919669985771179,Ambivalent,0.6885715126991272,Ambivalent,0.9975730776786804,Clear Reply,0.9839942455291748,Clear Reply,0.6088315844535828,Clear Reply,0.6453126668930054,Ambivalent,0.543144702911377,Ambivalent
93,Clear Reply,Ambivalent,0.9147912859916688,Ambivalent,0.8699823021888733,Ambivalent,0.5898738503456116,Ambivalent,0.7547325491905212,Ambivalent,0.9995459914207458,Clear Reply,0.7814796566963196,Ambivalent,0.5763177275657654,Ambivalent,0.5431423187255859,Ambivalent
94,Clear Non-Reply,Clear Reply,0.9978176355361938,Clear Reply,0.9398787617683412,Ambivalent,0.3411826193332672,Clear Reply,0.9797894954681396,Clear Non-Reply,0.9979779124259948,Clear Non-Reply,0.5043375492095947,Clear Non-Reply,0.7249484658241272,Clear Non-Reply,0.981825828552246,Clear Non-Reply
95,Ambivalent,Ambivalent,0.848580539226532,Ambivalent,0.9889771342277528,Ambivalent,0.6023795008659363,Ambivalent,0.8526073694229126,Ambivalent,0.9967753291130066,Ambivalent,0.5579085946083069,Ambivalent,0.6612226963043213,Clear Non-Reply,0.9605785012245178,Ambivalent
96,Ambivalent,Ambivalent,0.8685541749000549,Ambivalent,0.8619412779808044,Ambivalent,0.7022335529327393,Ambivalent,0.9911277294158936,Ambivalent,0.9969466328620912,Ambivalent,0.850169837474823,Ambivalent,0.5883398056030273,Ambivalent,0.543274462223053,Ambivalent
97,Clear Reply,Ambivalent,0.5906751751899719,Ambivalent,0.8419426679611206,Ambivalent,0.6437844634056091,Ambivalent,0.9241917729377748,Ambivalent,0.9992918968200684,Ambivalent,0.9486080408096312,Ambivalent,0.5512340664863586,Ambivalent,0.5435664057731628,Ambivalent
98,Ambivalent,Ambivalent,0.9603352546691896,Clear Reply,0.6086481213569641,Ambivalent,0.6746627688407898,Ambivalent,0.8614112734794617,Ambivalent,0.9998204112052916,Ambivalent,0.7492320537567139,Ambivalent,0.6013036966323853,Clear Reply,0.5896442532539368,Ambivalent
99,Ambivalent,Ambivalent,0.9997377991676332,Ambivalent,0.5063760876655579,Ambivalent,0.429846704006195,Ambivalent,0.934850811958313,Ambivalent,0.9878119826316832,Ambivalent,0.9937904477119446,Ambivalent,0.6559413075447083,Clear Reply,0.4894793629646301,Ambivalent
100,Ambivalent,Ambivalent,0.9983447790145874,Clear Non-Reply,0.6917730569839478,Ambivalent,0.4872443974018097,Ambivalent,0.6872166395187378,Ambivalent,0.9780715703964232,Ambivalent,0.761327862739563,Ambivalent,0.5926346182823181,Ambivalent,0.5434515476226807,Ambivalent
101,Clear Reply,Ambivalent,0.998917818069458,Ambivalent,0.7327038645744324,Clear Reply,0.7622823119163513,Clear Reply,0.9535537958145142,Clear Reply,0.9546082019805908,Clear Reply,0.8530213832855225,Clear Reply,0.7718240022659302,Clear Reply,0.8097870349884033,Clear Reply
102,Clear Reply,Ambivalent,0.8769564032554626,Clear Reply,0.8748348951339722,Ambivalent,0.493043303489685,Ambivalent,0.993174970149994,Ambivalent,0.9994940757751464,Clear Reply,0.8435426354408264,Ambivalent,0.5344322323799133,Ambivalent,0.5427128672599792,Ambivalent
103,Ambivalent,Clear Reply,0.9989510774612428,Clear Reply,0.952494740486145,Clear Reply,0.5851374268531799,Clear Reply,0.8037684559822083,Clear Reply,0.9976513981819152,Clear Reply,0.8565899133682251,Clear Reply,0.6427145004272461,Ambivalent,0.542401134967804,Clear Reply
104,Ambivalent,Ambivalent,0.9995736479759216,Ambivalent,0.7263275980949402,Ambivalent,0.6676844358444214,Ambivalent,0.9883823990821838,Ambivalent,0.9983762502670288,Clear Reply,0.5727246999740601,Ambivalent,0.6064237952232361,Ambivalent,0.5432243347167969,Ambivalent
105,Ambivalent,Ambivalent,0.9989873766899108,Ambivalent,0.7762366533279419,Ambivalent,0.5106973648071289,Ambivalent,0.9936628341674804,Ambivalent,0.976261019706726,Ambivalent,0.9081467390060424,Ambivalent,0.6365197896957397,Ambivalent,0.5384449362754822,Ambivalent
106,Ambivalent,Ambivalent,0.9046142101287842,Ambivalent,0.7620477080345154,Clear Reply,0.4834451079368591,Ambivalent,0.9973626732826232,Ambivalent,0.9988327622413636,Clear Reply,0.8022881746292114,Ambivalent,0.6792280673980713,Ambivalent,0.5429286360740662,Ambivalent
107,Ambivalent,Clear Reply,0.9955020546913148,Clear Reply,0.7951457500457764,Ambivalent,0.6911238431930542,Ambivalent,0.98690003156662,Ambivalent,0.9998719692230223,Ambivalent,0.8145747184753418,Ambivalent,0.6038307547569275,Ambivalent,0.5431373715400696,Ambivalent
108,Clear Non-Reply,Clear Non-Reply,0.8175354599952698,Clear Reply,0.902379870414734,Ambivalent,0.614452064037323,Ambivalent,0.9757542610168456,Clear Non-Reply,0.9932066202163696,Ambivalent,0.4829281568527221,Clear Non-Reply,0.8978484272956848,Clear Non-Reply,0.6700121164321899,Clear Non-Reply
109,Ambivalent,Ambivalent,0.8989843130111694,Ambivalent,0.7679610848426819,Ambivalent,0.5907068252563477,Ambivalent,0.754001259803772,Ambivalent,0.998724639415741,Ambivalent,0.9603253602981568,Ambivalent,0.5275354385375977,Ambivalent,0.5439741015434265,Ambivalent
110,Ambivalent,Ambivalent,0.9998441934585572,Ambivalent,0.8349482417106628,Ambivalent,0.4944245815277099,Ambivalent,0.6346080899238586,Ambivalent,0.9997227787971495,Ambivalent,0.7618305087089539,Ambivalent,0.6112093925476074,Ambivalent,0.5430839657783508,Ambivalent
111,Ambivalent,Ambivalent,0.9649588465690612,Ambivalent,0.9921254515647888,Ambivalent,0.5516422986984253,Ambivalent,0.9715733528137208,Ambivalent,0.9238170385360718,Ambivalent,0.773802638053894,Ambivalent,0.5845068693161011,Ambivalent,0.5433329939842224,Ambivalent
112,Ambivalent,Clear Non-Reply,0.9983178377151488,Ambivalent,0.6574990153312683,Clear Reply,0.5481150150299072,Ambivalent,0.9965189695358276,Ambivalent,0.9984995126724244,Clear Non-Reply,0.99923837184906,Ambivalent,0.6008275151252747,Ambivalent,0.4993355274200439,Ambivalent
113,Clear Reply,Clear Reply,0.9078951478004456,Ambivalent,0.9735220670700072,Ambivalent,0.672465980052948,Ambivalent,0.9620131254196168,Ambivalent,0.9987509250640868,Clear Reply,0.8212184906005859,Clear Reply,0.5073833465576172,Ambivalent,0.5437196493148804,Ambivalent
114,Ambivalent,Ambivalent,0.9932395219802856,Ambivalent,0.8981450200080872,Ambivalent,0.6209524869918823,Ambivalent,0.9977574944496156,Ambivalent,0.9998453855514526,Ambivalent,0.8701794147491455,Ambivalent,0.704902172088623,Ambivalent,0.5440281629562378,Ambivalent
115,Ambivalent,Ambivalent,0.9992509484291076,Ambivalent,0.8814947605133057,Ambivalent,0.7348613739013672,Ambivalent,0.9896656274795532,Ambivalent,0.9997406601905824,Ambivalent,0.9530337452888488,Ambivalent,0.631876528263092,Ambivalent,0.5432429909706116,Ambivalent
116,Ambivalent,Ambivalent,0.9996771812438964,Clear Reply,0.607657253742218,Ambivalent,0.6206799149513245,Ambivalent,0.9735259413719176,Ambivalent,0.9990378618240356,Ambivalent,0.5272920727729797,Ambivalent,0.583006739616394,Ambivalent,0.5434282422065735,Ambivalent
117,Clear Reply,Clear Reply,0.997532606124878,Ambivalent,0.7952744364738464,Clear Reply,0.5074996948242188,Ambivalent,0.971997082233429,Ambivalent,0.9546126127243042,Clear Reply,0.6139525175094604,Clear Reply,0.5812529921531677,Clear Reply,0.5212999582290649,Clear Reply
118,Ambivalent,Clear Reply,0.9953113198280334,Ambivalent,0.7143097519874573,Ambivalent,0.506998598575592,Clear Reply,0.6600528359413147,Ambivalent,0.5161173343658447,Clear Reply,0.6252389550209045,Ambivalent,0.5026476979255676,Ambivalent,0.5424829721450806,Ambivalent
119,Ambivalent,Clear Reply,0.9931427240371704,Clear Reply,0.7223817706108093,Clear Reply,0.8327650427818298,Clear Reply,0.9972883462905884,Clear Reply,0.999746024608612,Clear Reply,0.9527389407157898,Ambivalent,0.692356288433075,Clear Reply,0.6382887959480286,Clear Reply
120,Ambivalent,Ambivalent,0.9998241066932678,Ambivalent,0.9656437635421752,Ambivalent,0.5193617939949036,Ambivalent,0.9776793122291564,Ambivalent,0.999862790107727,Ambivalent,0.7912129759788513,Ambivalent,0.5562534928321838,Ambivalent,0.5409148335456848,Ambivalent
121,Clear Reply,Clear Reply,0.9987826943397522,Clear Reply,0.98230642080307,Clear Reply,0.7644445896148682,Clear Reply,0.9983807802200316,Clear Reply,0.9998177886009216,Clear Reply,0.9659351706504822,Clear Reply,0.8506941199302673,Clear Reply,0.8442289233207703,Clear Reply
122,Clear Reply,Clear Reply,0.9987286925315856,Ambivalent,0.8240660429000854,Clear Reply,0.6631824970245361,Ambivalent,0.931769073009491,Clear Reply,0.9994903802871704,Clear Reply,0.9549219012260436,Clear Reply,0.5768918395042419,Clear Reply,0.8158141374588013,Clear Reply
123,Ambivalent,Ambivalent,0.9503834247589112,Ambivalent,0.7699503302574158,Ambivalent,0.6385977268218994,Ambivalent,0.978448748588562,Ambivalent,0.9309107661247252,Clear Reply,0.6932411789894104,Ambivalent,0.5227081775665283,Ambivalent,0.5433595180511475,Ambivalent
124,Clear Reply,Clear Reply,0.9985587000846864,Clear Reply,0.930442988872528,Clear Reply,0.5165634751319885,Clear Reply,0.8318747878074646,Clear Reply,0.8287832140922546,Clear Reply,0.6487478017807007,Ambivalent,0.5827983021736145,Ambivalent,0.5429059267044067,Clear Reply
125,Clear Reply,Clear Reply,0.9908566474914552,Ambivalent,0.8649595975875854,Clear Reply,0.7080533504486084,Ambivalent,0.9829219579696656,Clear Reply,0.9989640712738036,Clear Reply,0.771335780620575,Clear Reply,0.7962156534194946,Clear Reply,0.7753164768218994,Clear Reply
126,Ambivalent,Ambivalent,0.9990007281303406,Ambivalent,0.957022786140442,Ambivalent,0.6440144777297974,Ambivalent,0.9976213574409484,Ambivalent,0.9992951154708862,Ambivalent,0.832514226436615,Ambivalent,0.646726667881012,Ambivalent,0.5452246069908142,Ambivalent
127,Ambivalent,Ambivalent,0.998829185962677,Ambivalent,0.7741749286651611,Ambivalent,0.6571263074874878,Ambivalent,0.9886866807937622,Ambivalent,0.9995169639587402,Ambivalent,0.6525222659111023,Ambivalent,0.599967360496521,Ambivalent,0.5432287454605103,Ambivalent
128,Ambivalent,Ambivalent,0.9998313188552856,Ambivalent,0.8045432567596436,Clear Reply,0.6748678684234619,Ambivalent,0.9979299306869508,Ambivalent,0.9999440908432008,Ambivalent,0.926533043384552,Ambivalent,0.7380580902099609,Ambivalent,0.5450100898742676,Ambivalent
129,Ambivalent,Ambivalent,0.8291844725608826,Clear Non-Reply,0.6643813848495483,Ambivalent,0.6476295590400696,Ambivalent,0.7583181858062744,Ambivalent,0.9979231953620912,Ambivalent,0.5470382571220398,Ambivalent,0.5676959753036499,Ambivalent,0.5432248711585999,Ambivalent
130,Ambivalent,Ambivalent,0.99958473443985,Ambivalent,0.9918179512023926,Ambivalent,0.6283976435661316,Ambivalent,0.9976589679718018,Ambivalent,0.9999690055847168,Ambivalent,0.986974000930786,Ambivalent,0.6597415208816528,Ambivalent,0.481535792350769,Ambivalent
131,Ambivalent,Ambivalent,0.8841931223869324,Ambivalent,0.935329794883728,Ambivalent,0.6643529534339905,Ambivalent,0.9974850416183472,Ambivalent,0.9838691353797911,Ambivalent,0.8832743763923645,Clear Non-Reply,0.4802949130535126,Ambivalent,0.5435531139373779,Ambivalent
132,Ambivalent,Ambivalent,0.8797663450241089,Ambivalent,0.9789409637451172,Ambivalent,0.6138226389884949,Clear Non-Reply,0.9831311702728271,Clear Reply,0.8530587553977966,Ambivalent,0.7946614027023315,Ambivalent,0.722841203212738,Ambivalent,0.5453009605407715,Ambivalent
133,Clear Reply,Clear Reply,0.9990206956863404,Clear Reply,0.9654624462127686,Clear Reply,0.5707163214683533,Ambivalent,0.9827484488487244,Clear Reply,0.9994896650314332,Clear Reply,0.9193837642669678,Ambivalent,0.5007469654083252,Clear Reply,0.8185423612594604,Clear Reply
134,Ambivalent,Ambivalent,0.9997407793998718,Ambivalent,0.7673766016960144,Ambivalent,0.6631665825843811,Ambivalent,0.987762987613678,Ambivalent,0.9990854263305664,Ambivalent,0.9429806470870972,Ambivalent,0.607598066329956,Ambivalent,0.5433861613273621,Ambivalent
135,Ambivalent,Clear Reply,0.9991208910942078,Clear Reply,0.9013076424598694,Clear Reply,0.5191188454627991,Ambivalent,0.9487261176109314,Clear Reply,0.9994117021560668,Clear Reply,0.9293789863586426,Clear Reply,0.5440412759780884,Ambivalent,0.5420974493026733,Clear Reply
136,Ambivalent,Ambivalent,0.9990553259849548,Clear Reply,0.6274770498275757,Clear Reply,0.605267345905304,Ambivalent,0.9191254377365112,Clear Reply,0.9994120597839355,Clear Reply,0.802413821220398,Clear Reply,0.629868745803833,Ambivalent,0.4840073883533478,Clear Reply
137,Ambivalent,Ambivalent,0.999152660369873,Ambivalent,0.943024754524231,Ambivalent,0.6186216473579407,Ambivalent,0.9972199201583862,Ambivalent,0.9996387958526612,Ambivalent,0.9003874063491821,Ambivalent,0.5611453056335449,Ambivalent,0.5430898070335388,Ambivalent
138,Ambivalent,Clear Reply,0.9967194199562072,Clear Reply,0.789894700050354,Clear Reply,0.7519235014915466,Ambivalent,0.9570733308792114,Ambivalent,0.9999090433120728,Clear Reply,0.9271109104156494,Clear Reply,0.7111144065856934,Clear Reply,0.7979660034179688,Clear Reply
139,Clear Reply,Clear Non-Reply,0.8422830104827881,Ambivalent,0.770268976688385,Ambivalent,0.4721280038356781,Clear Non-Reply,0.9937200546264648,Ambivalent,0.9994891881942748,Ambivalent,0.950311541557312,Clear Non-Reply,0.7488188743591309,Clear Non-Reply,0.5901631712913513,Ambivalent
140,Ambivalent,Clear Reply,0.9984958171844482,Clear Reply,0.9386846423149108,Clear Reply,0.8038804531097412,Clear Reply,0.9460030198097228,Clear Reply,0.999750554561615,Clear Reply,0.9270930886268616,Clear Reply,0.7578925490379333,Clear Reply,0.8274416327476501,Clear Reply
141,Clear Reply,Clear Reply,0.9972121119499208,Clear Reply,0.8867135643959045,Clear Reply,0.7152471542358398,Clear Reply,0.9869780540466307,Clear Reply,0.9996763467788696,Clear Reply,0.9096227288246156,Clear Reply,0.6137399673461914,Clear Reply,0.8066487312316895,Clear Reply
142,Ambivalent,Ambivalent,0.9995457530021667,Ambivalent,0.9133320450782776,Ambivalent,0.5428187251091003,Clear Reply,0.721078634262085,Ambivalent,0.5918737649917603,Ambivalent,0.9666296243667604,Ambivalent,0.6196206212043762,Ambivalent,0.543335497379303,Ambivalent
143,Ambivalent,Ambivalent,0.9960079193115234,Ambivalent,0.8816529512405396,Ambivalent,0.5773636102676392,Ambivalent,0.987785577774048,Ambivalent,0.9998937845230104,Ambivalent,0.8215284943580627,Ambivalent,0.6131888628005981,Ambivalent,0.5434563755989075,Ambivalent
144,Clear Reply,Ambivalent,0.7671500444412231,Clear Reply,0.6781956553459167,Ambivalent,0.5500611662864685,Ambivalent,0.9765534996986388,Ambivalent,0.9995850920677184,Ambivalent,0.807612955570221,Ambivalent,0.6164320707321167,Clear Reply,0.6166486144065857,Ambivalent
145,Clear Reply,Clear Non-Reply,0.8205791115760803,Ambivalent,0.6438621282577515,Clear Non-Reply,0.9167307615280152,Clear Non-Reply,0.9594776034355164,Ambivalent,0.9991682767868042,Ambivalent,0.3688577711582184,Ambivalent,0.54723060131073,Clear Non-Reply,0.9593148827552797,Ambivalent
146,Clear Reply,Clear Reply,0.9992340803146362,Clear Reply,0.9790117144584656,Clear Reply,0.7587460279464722,Ambivalent,0.9087730646133424,Clear Reply,0.9993826150894164,Clear Reply,0.8790424466133118,Clear Reply,0.5998098254203796,Clear Reply,0.7078052759170532,Clear Reply
147,Clear Reply,Clear Reply,0.9972617626190186,Clear Reply,0.938014268875122,Clear Reply,0.7962917685508728,Clear Reply,0.9964840412139891,Clear Reply,0.9997827410697936,Clear Reply,0.9848740696907043,Clear Reply,0.8941124677658081,Clear Reply,0.807806134223938,Clear Reply
148,Ambivalent,Ambivalent,0.9993342757225036,Ambivalent,0.8201076984405518,Clear Reply,0.5250943899154663,Ambivalent,0.9924052357673644,Clear Reply,0.9958048462867736,Ambivalent,0.767238974571228,Ambivalent,0.6457197666168213,Ambivalent,0.5434289574623108,Ambivalent
149,Ambivalent,Clear Reply,0.99099999666214,Clear Reply,0.5990634560585022,Ambivalent,0.4742023944854736,Ambivalent,0.9792015552520752,Clear Reply,0.8898981213569641,Ambivalent,0.5421786904335022,Ambivalent,0.4809674322605133,Ambivalent,0.5103957056999207,Ambivalent
150,Clear Reply,Clear Reply,0.9982611536979676,Clear Reply,0.5932036638259888,Clear Reply,0.5209925174713135,Clear Non-Reply,0.6530550122261047,Clear Reply,0.9988756775856018,Ambivalent,0.6056891083717346,Ambivalent,0.6672101616859436,Ambivalent,0.5417376160621643,Clear Reply
151,Ambivalent,Ambivalent,0.9998052716255188,Ambivalent,0.9059896469116212,Ambivalent,0.7185418605804443,Ambivalent,0.9985698461532592,Ambivalent,0.999755561351776,Ambivalent,0.965547502040863,Ambivalent,0.6456129550933838,Ambivalent,0.5435317158699036,Ambivalent
152,Ambivalent,Ambivalent,0.9974965453147888,Ambivalent,0.97353994846344,Ambivalent,0.7386008501052856,Ambivalent,0.9982655644416808,Ambivalent,0.996747612953186,Ambivalent,0.9546031951904296,Ambivalent,0.6145244240760803,Ambivalent,0.5430251359939575,Ambivalent
153,Ambivalent,Ambivalent,0.9997888207435608,Ambivalent,0.9460653066635132,Ambivalent,0.7266849875450134,Ambivalent,0.9980210065841676,Ambivalent,0.9985122084617616,Ambivalent,0.9363970160484314,Ambivalent,0.6136171817779541,Ambivalent,0.5430218577384949,Ambivalent
154,Clear Reply,Clear Reply,0.9759284853935242,Ambivalent,0.5032453536987305,Clear Reply,0.510250985622406,Clear Reply,0.961885154247284,Clear Reply,0.5655991435050964,Clear Reply,0.8196039795875549,Clear Reply,0.6049202680587769,Clear Reply,0.8177595138549805,Clear Reply
155,Ambivalent,Ambivalent,0.7591363787651062,Clear Reply,0.8826562762260437,Clear Reply,0.6344137787818909,Ambivalent,0.8862437605857849,Clear Reply,0.9895814657211304,Ambivalent,0.8347498178482056,Ambivalent,0.5731123089790344,Ambivalent,0.5425752401351929,Ambivalent
156,Ambivalent,Ambivalent,0.5771538615226746,Clear Non-Reply,0.6590121388435364,Clear Non-Reply,0.9358797073364258,Ambivalent,0.9919028878211976,Ambivalent,0.9997350573539734,Ambivalent,0.5945014357566833,Ambivalent,0.771327793598175,Ambivalent,0.5444324016571045,Ambivalent
157,Ambivalent,Ambivalent,0.9805793166160583,Ambivalent,0.9471365809440612,Ambivalent,0.555958092212677,Ambivalent,0.998244047164917,Ambivalent,0.9992602467536926,Ambivalent,0.5128911137580872,Ambivalent,0.6827479004859924,Clear Non-Reply,0.9626760482788086,Ambivalent
158,Clear Reply,Clear Reply,0.9986514449119568,Clear Reply,0.8982203006744385,Clear Reply,0.6876176595687866,Clear Reply,0.6710838079452515,Clear Reply,0.9931197166442872,Clear Reply,0.8007609248161316,Clear Reply,0.7171262502670288,Clear Reply,0.7875064611434937,Clear Reply
159,Ambivalent,Ambivalent,0.9992828965187072,Ambivalent,0.8941237330436707,Clear Non-Reply,0.7694733738899231,Ambivalent,0.9968717694282532,Ambivalent,0.999729335308075,Clear Reply,0.6076697707176208,Clear Non-Reply,0.5074425339698792,Ambivalent,0.510211169719696,Ambivalent
160,Ambivalent,Clear Reply,0.9951606392860411,Clear Reply,0.7305442690849304,Clear Reply,0.6245124340057373,Ambivalent,0.9455470442771912,Clear Reply,0.9979460835456848,Clear Reply,0.8346706628799438,Ambivalent,0.6100839972496033,Ambivalent,0.5424450635910034,Clear Reply
161,Ambivalent,Ambivalent,0.991071879863739,Ambivalent,0.5872446894645691,Clear Reply,0.7419911026954651,Ambivalent,0.593232274055481,Ambivalent,0.7964307069778442,Clear Reply,0.6356692910194397,Clear Reply,0.6069441437721252,Clear Reply,0.8161084055900574,Ambivalent
162,Ambivalent,Ambivalent,0.9990360736846924,Ambivalent,0.8941989541053772,Ambivalent,0.5444551110267639,Ambivalent,0.4936510324478149,Clear Non-Reply,0.971114695072174,Ambivalent,0.5237368941307068,Ambivalent,0.5323566794395447,Ambivalent,0.5429959297180176,Ambivalent
163,Clear Reply,Ambivalent,0.9997196793556212,Ambivalent,0.7851088047027588,Ambivalent,0.5458942651748657,Ambivalent,0.9977783560752868,Ambivalent,0.9998314380645752,Clear Reply,0.8095924854278564,Ambivalent,0.6532241106033325,Ambivalent,0.5431559681892395,Ambivalent
164,Clear Reply,Clear Reply,0.9986780285835266,Clear Reply,0.9422629475593568,Clear Reply,0.8398041725158691,Clear Reply,0.964301824569702,Clear Reply,0.999795138835907,Clear Reply,0.9581899642944336,Clear Reply,0.797210693359375,Clear Reply,0.8245487809181213,Clear Reply
165,Clear Reply,Ambivalent,0.9497424960136414,Ambivalent,0.5086201429367065,Ambivalent,0.5389648079872131,Ambivalent,0.9152977466583252,Clear Reply,0.9951933026313782,Clear Reply,0.5012632608413696,Ambivalent,0.5501840710639954,Ambivalent,0.5429686903953552,Ambivalent
166,Ambivalent,Ambivalent,0.9995998740196228,Ambivalent,0.6138635277748108,Ambivalent,0.5165813565254211,Ambivalent,0.9984117746353148,Ambivalent,0.9998213648796082,Ambivalent,0.7072543501853943,Ambivalent,0.6885454058647156,Ambivalent,0.5440159440040588,Ambivalent
167,Ambivalent,Ambivalent,0.9074397683143616,Clear Non-Reply,0.7512633204460144,Clear Non-Reply,0.9465183615684508,Ambivalent,0.93095064163208,Clear Reply,0.9806504845619202,Clear Non-Reply,0.987121284008026,Clear Non-Reply,0.940978229045868,Clear Non-Reply,0.9624150395393372,Clear Non-Reply
168,Ambivalent,Ambivalent,0.9996610879898072,Ambivalent,0.7617753744125366,Ambivalent,0.5660829544067383,Ambivalent,0.8952032923698425,Ambivalent,0.9999001026153564,Ambivalent,0.9675185084342957,Clear Non-Reply,0.8578322529792786,Ambivalent,0.5440225601196289,Ambivalent
169,Ambivalent,Clear Reply,0.9760913252830504,Clear Reply,0.5587387084960938,Ambivalent,0.5966072082519531,Ambivalent,0.7781779170036316,Clear Reply,0.9228521585464478,Ambivalent,0.7215127944946289,Clear Reply,0.510276198387146,Ambivalent,0.5433018803596497,Clear Reply
170,Ambivalent,Ambivalent,0.7065640687942505,Ambivalent,0.7709829211235046,Ambivalent,0.6086710691452026,Ambivalent,0.9981474876403807,Ambivalent,0.961595892906189,Ambivalent,0.5871714949607849,Ambivalent,0.5902575254440308,Ambivalent,0.5431673526763916,Ambivalent
171,Clear Reply,Clear Reply,0.991169571876526,Ambivalent,0.765394389629364,Ambivalent,0.5646732449531555,Ambivalent,0.9964879751205444,Ambivalent,0.996742069721222,Ambivalent,0.6824867129325867,Ambivalent,0.6167681813240051,Ambivalent,0.5422380566596985,Ambivalent
172,Ambivalent,Ambivalent,0.9910590052604676,Ambivalent,0.8465543985366821,Ambivalent,0.5233125686645508,Ambivalent,0.9907853603363036,Ambivalent,0.9870556592941284,Ambivalent,0.4893525242805481,Ambivalent,0.5169003009796143,Ambivalent,0.5433507561683655,Ambivalent
173,Ambivalent,Ambivalent,0.9997244477272034,Ambivalent,0.989587426185608,Ambivalent,0.7433677911758423,Ambivalent,0.97342050075531,Ambivalent,0.9982594847679138,Ambivalent,0.8188360929489136,Ambivalent,0.6069086194038391,Ambivalent,0.5432938933372498,Ambivalent
174,Clear Reply,Clear Reply,0.9502853751182556,Ambivalent,0.8754091262817383,Clear Reply,0.5279492735862732,Ambivalent,0.9964309930801392,Clear Reply,0.9528806805610656,Clear Reply,0.640575647354126,Ambivalent,0.5680522322654724,Ambivalent,0.5437938570976257,Ambivalent
175,Ambivalent,Clear Reply,0.9867146611213684,Clear Reply,0.8958951234817505,Ambivalent,0.5206064581871033,Clear Reply,0.9628477692604064,Clear Reply,0.9982611536979676,Clear Reply,0.7846090793609619,Clear Non-Reply,0.6197127103805542,Ambivalent,0.5432344079017639,Clear Reply
176,Ambivalent,Ambivalent,0.9980103373527528,Clear Reply,0.5757959485054016,Ambivalent,0.7118521332740784,Ambivalent,0.99788099527359,Ambivalent,0.9996894598007202,Ambivalent,0.9750197529792786,Ambivalent,0.6108368039131165,Ambivalent,0.5434703230857849,Ambivalent
177,Ambivalent,Ambivalent,0.999836564064026,Ambivalent,0.8352694511413574,Ambivalent,0.5589732527732849,Ambivalent,0.9990980625152588,Ambivalent,0.9998672008514404,Ambivalent,0.9907732009887696,Ambivalent,0.6939579248428345,Ambivalent,0.5439217686653137,Ambivalent
178,Ambivalent,Clear Reply,0.9901638627052308,Clear Reply,0.8823909163475037,Ambivalent,0.6410094499588013,Ambivalent,0.9979519248008728,Ambivalent,0.9822403788566588,Ambivalent,0.938045084476471,Ambivalent,0.56276535987854,Ambivalent,0.5432230234146118,Ambivalent
179,Ambivalent,Ambivalent,0.8834837079048157,Ambivalent,0.9713811874389648,Ambivalent,0.6663384437561035,Ambivalent,0.9498928189277648,Ambivalent,0.7120372653007507,Ambivalent,0.897826075553894,Ambivalent,0.6839109659194946,Ambivalent,0.5438997745513916,Ambivalent
180,Ambivalent,Ambivalent,0.98188453912735,Ambivalent,0.6103534698486328,Ambivalent,0.6629132032394409,Clear Reply,0.8441820740699768,Ambivalent,0.9998664855957032,Ambivalent,0.819220781326294,Ambivalent,0.5901802182197571,Ambivalent,0.5431197881698608,Ambivalent
181,Ambivalent,Ambivalent,0.9745563864707948,Ambivalent,0.8243609666824341,Ambivalent,0.6026897430419922,Ambivalent,0.9967262744903564,Ambivalent,0.9989113807678224,Ambivalent,0.8765850067138672,Ambivalent,0.5040851831436157,Ambivalent,0.5433705449104309,Ambivalent
182,Ambivalent,Ambivalent,0.9985315799713136,Ambivalent,0.9323012232780457,Ambivalent,0.5620277523994446,Ambivalent,0.9985777139663696,Ambivalent,0.9988700747489928,Ambivalent,0.5195636749267578,Clear Non-Reply,0.6708560585975647,Ambivalent,0.5434168577194214,Ambivalent
183,Clear Non-Reply,Clear Non-Reply,0.9928526282310486,Clear Non-Reply,0.7617244720458984,Clear Non-Reply,0.8629697561264038,Clear Non-Reply,0.5453820824623108,Clear Non-Reply,0.9945868253707886,Clear Non-Reply,0.4906443953514099,Ambivalent,0.5372231006622314,Ambivalent,0.5440236926078796,Clear Non-Reply
184,Clear Reply,Clear Reply,0.9989433884620668,Clear Reply,0.9627351760864258,Clear Reply,0.8568692803382874,Clear Reply,0.8011906743049622,Clear Reply,0.9997954964637756,Clear Reply,0.9861424565315248,Clear Reply,0.8676966428756714,Clear Reply,0.809739887714386,Clear Reply
185,Ambivalent,Ambivalent,0.9828739762306212,Ambivalent,0.8452757596969604,Ambivalent,0.6050392389297485,Ambivalent,0.9846941828727722,Ambivalent,0.9973241090774536,Ambivalent,0.8247404098510742,Ambivalent,0.6533164381980896,Ambivalent,0.543350338935852,Ambivalent
186,Clear Non-Reply,Clear Non-Reply,0.997747838497162,Clear Non-Reply,0.9785439372062684,Clear Non-Reply,0.9556729793548584,Clear Non-Reply,0.9940051436424256,Clear Non-Reply,0.9999698400497437,Clear Non-Reply,0.9999042749404908,Clear Non-Reply,0.97437584400177,Clear Non-Reply,0.9722020030021667,Clear Non-Reply
187,Ambivalent,Clear Reply,0.7011905312538147,Ambivalent,0.9475162625312804,Ambivalent,0.620530903339386,Ambivalent,0.8575398325920105,Ambivalent,0.9909017086029052,Ambivalent,0.6592426896095276,Ambivalent,0.6586803197860718,Ambivalent,0.5430143475532532,Ambivalent
188,Clear Non-Reply,Ambivalent,0.9961987137794496,Ambivalent,0.9717678427696228,Ambivalent,0.6042484045028687,Ambivalent,0.547538697719574,Ambivalent,0.9998600482940674,Ambivalent,0.6912612318992615,Ambivalent,0.7577735185623169,Clear Reply,0.7613821029663086,Ambivalent
189,Ambivalent,Ambivalent,0.9999256134033204,Ambivalent,0.7413054704666138,Clear Reply,0.5751878619194031,Ambivalent,0.996045172214508,Ambivalent,0.9931097030639648,Ambivalent,0.9492903351783752,Ambivalent,0.5434154272079468,Ambivalent,0.5410473346710205,Ambivalent
190,Ambivalent,Ambivalent,0.9998239874839784,Ambivalent,0.9786000847816468,Ambivalent,0.5931494832038879,Ambivalent,0.9992159605026244,Ambivalent,0.9750080108642578,Ambivalent,0.9799715876579284,Ambivalent,0.6023648977279663,Ambivalent,0.5432876348495483,Ambivalent
191,Clear Reply,Ambivalent,0.999652624130249,Ambivalent,0.9348471760749816,Ambivalent,0.681876003742218,Ambivalent,0.9985553622245787,Ambivalent,0.997231423854828,Ambivalent,0.9644195437431335,Ambivalent,0.6451020240783691,Ambivalent,0.5387095212936401,Ambivalent
192,Ambivalent,Ambivalent,0.9968896508216858,Ambivalent,0.9487274289131165,Ambivalent,0.6540932059288025,Ambivalent,0.9980937838554382,Ambivalent,0.9726536870002748,Ambivalent,0.7814896702766418,Ambivalent,0.6530647873878479,Ambivalent,0.5506382584571838,Ambivalent
193,Clear Reply,Ambivalent,0.9993972778320312,Ambivalent,0.8232759237289429,Ambivalent,0.6748069524765015,Ambivalent,0.9969910383224488,Clear Reply,0.958061456680298,Ambivalent,0.9823487401008606,Ambivalent,0.6740946173667908,Ambivalent,0.5424566268920898,Ambivalent
194,Ambivalent,Ambivalent,0.9998148083686828,Ambivalent,0.9402198791503906,Ambivalent,0.7218475341796875,Ambivalent,0.9988068342208862,Ambivalent,0.999733030796051,Ambivalent,0.982110559940338,Ambivalent,0.7055126428604126,Ambivalent,0.5444564819335938,Ambivalent
195,Ambivalent,Ambivalent,0.9960522055625916,Clear Reply,0.7191571593284607,Clear Reply,0.5669419169425964,Clear Reply,0.970663845539093,Clear Reply,0.9962794184684752,Clear Reply,0.726542592048645,Ambivalent,0.5337408781051636,Ambivalent,0.5324775576591492,Clear Reply
196,Ambivalent,Clear Reply,0.9975207448005676,Clear Reply,0.9890612363815308,Clear Reply,0.8669414520263672,Clear Reply,0.992408275604248,Clear Reply,0.9979522228240968,Clear Reply,0.8071223497390747,Ambivalent,0.5270151495933533,Ambivalent,0.5401222109794617,Clear Reply
197,Ambivalent,Ambivalent,0.939497411251068,Ambivalent,0.9152789115905762,Clear Reply,0.6557697653770447,Ambivalent,0.874868631362915,Ambivalent,0.999784529209137,Ambivalent,0.8757427930831909,Ambivalent,0.6083018779754639,Ambivalent,0.5365748405456543,Ambivalent
198,Clear Reply,Ambivalent,0.9925393462181092,Ambivalent,0.9441204071044922,Clear Reply,0.6625128388404846,Clear Reply,0.9852494597434998,Clear Reply,0.9984537363052368,Ambivalent,0.5486528277397156,Ambivalent,0.5171999335289001,Ambivalent,0.5431298613548279,Ambivalent
199,Ambivalent,Ambivalent,0.9996088147163392,Ambivalent,0.9320996403694152,Clear Reply,0.5173017382621765,Clear Reply,0.6727299094200134,Ambivalent,0.9995042085647584,Ambivalent,0.983414351940155,Ambivalent,0.6332365274429321,Ambivalent,0.5432215332984924,Ambivalent
200,Ambivalent,Clear Reply,0.969588339328766,Clear Reply,0.7349327802658081,Ambivalent,0.5973284840583801,Ambivalent,0.7025647759437561,Ambivalent,0.6381485462188721,Clear Reply,0.5287131071090698,Ambivalent,0.5011512637138367,Ambivalent,0.5432926416397095,Ambivalent
201,Ambivalent,Clear Reply,0.7172839045524597,Clear Reply,0.9648916721343994,Clear Reply,0.5149388909339905,Clear Reply,0.8027852177619934,Clear Reply,0.9995800852775574,Clear Reply,0.8648226857185364,Clear Reply,0.7572185397148132,Clear Reply,0.8225080966949463,Clear Reply
202,Ambivalent,Ambivalent,0.9969017505645752,Ambivalent,0.946307897567749,Ambivalent,0.6672378778457642,Ambivalent,0.980439066886902,Ambivalent,0.9320985078811646,Clear Reply,0.6463940143585205,Clear Reply,0.5722565650939941,Ambivalent,0.5433970093727112,Ambivalent
203,Ambivalent,Ambivalent,0.9983547329902648,Ambivalent,0.9387693405151368,Ambivalent,0.6872681975364685,Ambivalent,0.995618462562561,Ambivalent,0.9972803592681884,Ambivalent,0.8648397326469421,Ambivalent,0.6132143139839172,Ambivalent,0.5432038307189941,Ambivalent
204,Ambivalent,Ambivalent,0.8909891247749329,Ambivalent,0.7947301268577576,Ambivalent,0.5073950290679932,Ambivalent,0.816983163356781,Ambivalent,0.6732317209243774,Ambivalent,0.8547197580337524,Ambivalent,0.513776957988739,Ambivalent,0.5427452921867371,Ambivalent
205,Ambivalent,Clear Reply,0.973656415939331,Ambivalent,0.5235998034477234,Ambivalent,0.700477123260498,Ambivalent,0.937117040157318,Ambivalent,0.9996824264526368,Ambivalent,0.9681357741355896,Ambivalent,0.6390055418014526,Ambivalent,0.5430623292922974,Ambivalent
206,Ambivalent,Ambivalent,0.9997816681861876,Ambivalent,0.9399008750915528,Clear Reply,0.6257244944572449,Clear Reply,0.8932022452354431,Ambivalent,0.9968734383583068,Clear Reply,0.9790412187576294,Clear Reply,0.8665134906768799,Clear Reply,0.8073705434799194,Clear Reply
207,Ambivalent,Ambivalent,0.9932072758674622,Ambivalent,0.9378023147583008,Ambivalent,0.5902250409126282,Ambivalent,0.9021143317222596,Ambivalent,0.9992851614952089,Ambivalent,0.6850582957267761,Ambivalent,0.6329818367958069,Ambivalent,0.5405175089836121,Ambivalent
208,Ambivalent,Ambivalent,0.9968440532684326,Ambivalent,0.9836445450782776,Ambivalent,0.7122293710708618,Ambivalent,0.7308464646339417,Ambivalent,0.9951818585395812,Ambivalent,0.9691670536994934,Ambivalent,0.6451690793037415,Ambivalent,0.5430112481117249,Ambivalent
209,Ambivalent,Clear Reply,0.9943201541900636,Ambivalent,0.9336809515953064,Clear Reply,0.5127387046813965,Clear Reply,0.9673120975494384,Clear Reply,0.921644687652588,Clear Reply,0.9246730208396912,Clear Reply,0.8134204149246216,Clear Reply,0.7580565214157104,Clear Reply
210,Ambivalent,Clear Reply,0.9729943871498108,Ambivalent,0.96730774641037,Clear Reply,0.5603534579277039,Ambivalent,0.8319964408874512,Ambivalent,0.9707483053207396,Clear Reply,0.6608681678771973,Ambivalent,0.6066392064094543,Ambivalent,0.5408117771148682,Ambivalent
211,Ambivalent,Ambivalent,0.9966333508491516,Ambivalent,0.8553124666213989,Ambivalent,0.7186307311058044,Ambivalent,0.9974623918533324,Ambivalent,0.9948670864105223,Ambivalent,0.7340579032897949,Ambivalent,0.5878520607948303,Ambivalent,0.5431724786758423,Ambivalent
212,Ambivalent,Ambivalent,0.5006615519523621,Clear Reply,0.97044175863266,Clear Reply,0.6651036739349365,Clear Reply,0.9783915877342224,Clear Reply,0.9996169805526732,Clear Reply,0.9818658232688904,Clear Reply,0.9400243163108826,Clear Reply,0.8132714629173279,Clear Reply
213,Ambivalent,Clear Reply,0.735074520111084,Clear Reply,0.9475586414337158,Clear Reply,0.671694815158844,Clear Reply,0.9883953332901,Clear Reply,0.9996252059936525,Clear Reply,0.9054932594299316,Ambivalent,0.6348579525947571,Clear Reply,0.7362863421440125,Clear Reply
214,Ambivalent,Ambivalent,0.6609346866607666,Clear Reply,0.7502060532569885,Ambivalent,0.6694732904434204,Ambivalent,0.4767275154590606,Ambivalent,0.9680801630020142,Ambivalent,0.6334033608436584,Ambivalent,0.6392247080802917,Ambivalent,0.5436344146728516,Ambivalent
215,Ambivalent,Ambivalent,0.9993921518325806,Ambivalent,0.5384368300437927,Ambivalent,0.6243555545806885,Ambivalent,0.9931332468986512,Ambivalent,0.9996393918991088,Ambivalent,0.8585027456283569,Ambivalent,0.6083928942680359,Ambivalent,0.5432226657867432,Ambivalent
216,Ambivalent,Clear Reply,0.9979562759399414,Ambivalent,0.858380913734436,Ambivalent,0.6983384490013123,Ambivalent,0.9644665718078612,Ambivalent,0.9993934631347656,Ambivalent,0.8744142055511475,Ambivalent,0.6211632490158081,Ambivalent,0.5434775352478027,Ambivalent
217,Ambivalent,Ambivalent,0.9882792234420776,Ambivalent,0.9356322288513184,Ambivalent,0.7265941500663757,Ambivalent,0.9980633854866028,Ambivalent,0.9965248703956604,Ambivalent,0.9896434545516968,Ambivalent,0.6184720396995544,Ambivalent,0.5434035062789917,Ambivalent
218,Ambivalent,Ambivalent,0.88246750831604,Ambivalent,0.8514796495437622,Ambivalent,0.6538774371147156,Ambivalent,0.9928675889968872,Ambivalent,0.685797393321991,Clear Reply,0.543033242225647,Ambivalent,0.5810056924819946,Ambivalent,0.5432112216949463,Ambivalent
219,Clear Reply,Ambivalent,0.9982703924179076,Clear Reply,0.7838064432144165,Ambivalent,0.5972116589546204,Ambivalent,0.960425078868866,Ambivalent,0.999164342880249,Ambivalent,0.5956933498382568,Ambivalent,0.5870630145072937,Ambivalent,0.5434156656265259,Ambivalent
220,Ambivalent,Ambivalent,0.9972848892211914,Ambivalent,0.716749370098114,Ambivalent,0.7007471323013306,Ambivalent,0.9983139038085938,Ambivalent,0.9997768998146056,Ambivalent,0.722851574420929,Clear Reply,0.5727748274803162,Ambivalent,0.5437318086624146,Ambivalent
221,Clear Reply,Ambivalent,0.9772965312004088,Clear Reply,0.6259535551071167,Ambivalent,0.6493962407112122,Ambivalent,0.5774198770523071,Ambivalent,0.9913386106491088,Ambivalent,0.562609076499939,Ambivalent,0.5916330218315125,Ambivalent,0.5433321595191956,Ambivalent
222,Ambivalent,Ambivalent,0.999206244945526,Ambivalent,0.842411994934082,Ambivalent,0.5858949422836304,Ambivalent,0.9924404621124268,Ambivalent,0.9988359808921814,Ambivalent,0.9510367512702942,Ambivalent,0.5930267572402954,Ambivalent,0.5433035492897034,Ambivalent
223,Clear Reply,Ambivalent,0.9994148015975952,Clear Reply,0.8829132914543152,Ambivalent,0.5728000402450562,Clear Reply,0.8944926857948303,Ambivalent,0.6568289995193481,Clear Reply,0.501613438129425,Clear Reply,0.5132539868354797,Ambivalent,0.543205201625824,Ambivalent
224,Clear Reply,Clear Reply,0.9572820663452148,Ambivalent,0.8088424801826477,Clear Reply,0.5045160055160522,Ambivalent,0.970484495162964,Clear Reply,0.999091625213623,Ambivalent,0.946483314037323,Ambivalent,0.5624540448188782,Ambivalent,0.5401790142059326,Ambivalent
225,Ambivalent,Clear Reply,0.6570655703544617,Ambivalent,0.8430291414260864,Ambivalent,0.671170175075531,Ambivalent,0.9955024123191832,Ambivalent,0.9986830353736876,Ambivalent,0.9046822190284728,Ambivalent,0.6635922193527222,Ambivalent,0.543269157409668,Ambivalent
226,Ambivalent,Clear Non-Reply,0.8785103559494019,Ambivalent,0.9439094066619872,Ambivalent,0.6800339818000793,Ambivalent,0.8990933299064636,Ambivalent,0.9996981620788574,Ambivalent,0.979201078414917,Clear Non-Reply,0.5796035528182983,Ambivalent,0.5433369278907776,Ambivalent
227,Ambivalent,Ambivalent,0.9991006851196288,Clear Reply,0.8903903365135193,Clear Reply,0.4966489374637604,Ambivalent,0.994455873966217,Ambivalent,0.9974919557571412,Ambivalent,0.9452290534973145,Ambivalent,0.6796250343322754,Ambivalent,0.5433783531188965,Ambivalent
228,Ambivalent,Ambivalent,0.8475207090377808,Ambivalent,0.7303982377052307,Ambivalent,0.5611699819564819,Ambivalent,0.7758923768997192,Ambivalent,0.9964550733566284,Ambivalent,0.4716675877571106,Clear Non-Reply,0.9079934358596802,Ambivalent,0.5443862080574036,Ambivalent
229,Clear Reply,Clear Reply,0.9486231207847596,Clear Reply,0.8539960980415344,Clear Reply,0.5792165398597717,Ambivalent,0.906938135623932,Clear Reply,0.9997228980064392,Clear Reply,0.6481747031211853,Ambivalent,0.4882932901382446,Clear Reply,0.5275263786315918,Clear Reply
230,Ambivalent,Ambivalent,0.997261881828308,Clear Reply,0.7205231189727783,Clear Reply,0.7258201241493225,Ambivalent,0.9505394697189332,Ambivalent,0.8032222390174866,Clear Reply,0.901639997959137,Ambivalent,0.5468529462814331,Ambivalent,0.5426439046859741,Ambivalent
231,Ambivalent,Ambivalent,0.9997314810752868,Ambivalent,0.6889655590057373,Ambivalent,0.6217902898788452,Ambivalent,0.8712635040283203,Ambivalent,0.9959255456924438,Ambivalent,0.7222781181335449,Ambivalent,0.585533082485199,Ambivalent,0.5432600378990173,Ambivalent
232,Ambivalent,Ambivalent,0.9998972415924072,Ambivalent,0.8494110703468323,Ambivalent,0.7041154503822327,Ambivalent,0.9985692501068116,Ambivalent,0.9998829364776612,Ambivalent,0.7746428847312927,Ambivalent,0.605984628200531,Ambivalent,0.5433669090270996,Ambivalent
233,Ambivalent,Ambivalent,0.567322850227356,Clear Reply,0.580123782157898,Ambivalent,0.4964012205600738,Ambivalent,0.5702468156814575,Ambivalent,0.5900481939315796,Clear Reply,0.6462740898132324,Ambivalent,0.6066922545433044,Ambivalent,0.5429176688194275,Ambivalent
234,Ambivalent,Clear Reply,0.9297151565551758,Clear Reply,0.602949321269989,Ambivalent,0.5225231647491455,Ambivalent,0.9679930210113524,Clear Reply,0.9959887862205504,Ambivalent,0.7985795736312866,Ambivalent,0.4865615963935852,Ambivalent,0.5084166526794434,Ambivalent
235,Ambivalent,Ambivalent,0.9980985522270204,Ambivalent,0.8133101463317871,Ambivalent,0.5213750600814819,Ambivalent,0.978271186351776,Ambivalent,0.845711886882782,Ambivalent,0.7451848387718201,Ambivalent,0.526220440864563,Ambivalent,0.5366511940956116,Ambivalent
236,Clear Reply,Clear Reply,0.827008843421936,Clear Reply,0.9809017777442932,Ambivalent,0.667300820350647,Ambivalent,0.8581488132476807,Clear Reply,0.9995014667510986,Clear Reply,0.9097195863723756,Clear Reply,0.5503062605857849,Ambivalent,0.5428327322006226,Clear Reply
237,Clear Non-Reply,Clear Non-Reply,0.9997480511665344,Clear Non-Reply,0.9697377681732178,Clear Non-Reply,0.952272653579712,Clear Non-Reply,0.997750461101532,Clear Non-Reply,0.9987993240356444,Clear Non-Reply,0.996732234954834,Clear Non-Reply,0.9502888321876526,Clear Non-Reply,0.9666973352432252,Clear Non-Reply
238,Ambivalent,Ambivalent,0.7388054132461548,Ambivalent,0.9533361792564392,Ambivalent,0.659448504447937,Ambivalent,0.7421247363090515,Clear Non-Reply,0.9663651585578918,Ambivalent,0.9805734753608704,Clear Non-Reply,0.4750503301620483,Ambivalent,0.5437110066413879,Ambivalent
239,Clear Reply,Clear Reply,0.9988137483596802,Clear Reply,0.5190536975860596,Clear Reply,0.6187456846237183,Ambivalent,0.9908785223960876,Clear Reply,0.9855770468711852,Ambivalent,0.7818982601165771,Ambivalent,0.6120878458023071,Ambivalent,0.5433246493339539,Clear Reply
240,Clear Non-Reply,Clear Non-Reply,0.8096994757652283,Clear Non-Reply,0.5329064130783081,Clear Non-Reply,0.5911507606506348,Clear Non-Reply,0.9271673560142516,Clear Non-Reply,0.9994804263114928,Clear Non-Reply,0.8852431178092957,Clear Non-Reply,0.5086643695831299,Clear Non-Reply,0.965263605117798,Clear Non-Reply
241,Ambivalent,Ambivalent,0.999686360359192,Clear Reply,0.8028858304023743,Clear Reply,0.5074570178985596,Ambivalent,0.960647702217102,Clear Reply,0.9922465085983276,Ambivalent,0.9348607063293456,Ambivalent,0.5155903697013855,Ambivalent,0.542978048324585,Ambivalent
242,Clear Reply,Clear Reply,0.9991139769554138,Clear Reply,0.9709133505821228,Clear Reply,0.5587929487228394,Ambivalent,0.8811776638031006,Clear Reply,0.9991695880889891,Clear Reply,0.9526796340942384,Clear Reply,0.764717161655426,Clear Reply,0.8147026896476746,Clear Reply
243,Ambivalent,Ambivalent,0.9979914426803588,Ambivalent,0.8550313115119934,Ambivalent,0.5931454300880432,Ambivalent,0.995657444000244,Clear Reply,0.8175159692764282,Ambivalent,0.8416706919670105,Clear Non-Reply,0.6009964942932129,Ambivalent,0.5433023571968079,Ambivalent
244,Ambivalent,Ambivalent,0.9977947473526,Ambivalent,0.8392444252967834,Ambivalent,0.6257789134979248,Ambivalent,0.8025445938110352,Ambivalent,0.9951543807983398,Ambivalent,0.977810263633728,Ambivalent,0.6325942873954773,Ambivalent,0.5432972311973572,Ambivalent
245,Ambivalent,Clear Reply,0.9739089608192444,Clear Reply,0.9691658020019532,Clear Reply,0.552582323551178,Clear Reply,0.9295930862426758,Ambivalent,0.7972995638847351,Clear Reply,0.9052342176437378,Clear Reply,0.7416507601737976,Clear Reply,0.8173614740371704,Clear Reply
246,Ambivalent,Ambivalent,0.9998602867126464,Ambivalent,0.9798407554626464,Ambivalent,0.5360055565834045,Ambivalent,0.8889825344085693,Ambivalent,0.9999516010284424,Ambivalent,0.9056145548820496,Ambivalent,0.7489020228385925,Ambivalent,0.5451173782348633,Ambivalent
247,Clear Reply,Clear Reply,0.9989256262779236,Clear Reply,0.903413951396942,Clear Reply,0.8540916442871094,Clear Reply,0.6940478682518005,Clear Reply,0.9997710585594176,Clear Reply,0.9458549618721008,Clear Reply,0.8492237329483032,Clear Reply,0.8023503422737122,Clear Reply
248,Ambivalent,Ambivalent,0.8810288906097412,Ambivalent,0.6561172604560852,Ambivalent,0.587116539478302,Ambivalent,0.9976995587348938,Ambivalent,0.9998670816421508,Ambivalent,0.7983108162879944,Ambivalent,0.641559898853302,Ambivalent,0.5443288683891296,Ambivalent
249,Clear Reply,Clear Reply,0.913416028022766,Clear Reply,0.9361841678619384,Clear Reply,0.831119179725647,Clear Reply,0.9943168759346008,Clear Reply,0.9995504021644592,Clear Reply,0.6972506642341614,Clear Reply,0.5862485766410828,Clear Reply,0.8194263577461243,Clear Reply
250,Clear Reply,Clear Non-Reply,0.7084255814552307,Ambivalent,0.8661469221115112,Ambivalent,0.4921652972698211,Clear Reply,0.971907913684845,Clear Non-Reply,0.9964088797569276,Clear Non-Reply,0.413885086774826,Clear Non-Reply,0.892549455165863,Ambivalent,0.5441141724586487,Clear Non-Reply
251,Ambivalent,Ambivalent,0.9128496646881104,Clear Reply,0.8403798937797546,Ambivalent,0.5458804965019226,Clear Reply,0.948832392692566,Clear Reply,0.994788408279419,Ambivalent,0.7465336918830872,Clear Non-Reply,0.6130537390708923,Ambivalent,0.543329656124115,Ambivalent
252,Clear Reply,Ambivalent,0.999721348285675,Ambivalent,0.982123076915741,Clear Reply,0.5559884309768677,Clear Reply,0.98127543926239,Clear Reply,0.997680127620697,Ambivalent,0.856368899345398,Clear Reply,0.6716444492340088,Clear Reply,0.6405702233314514,Clear Reply
253,Ambivalent,Ambivalent,0.99958997964859,Clear Reply,0.7582940459251404,Ambivalent,0.5117209553718567,Ambivalent,0.6038873791694641,Ambivalent,0.998986542224884,Ambivalent,0.9575369954109192,Ambivalent,0.6319634318351746,Clear Reply,0.7945237755775452,Ambivalent
254,Ambivalent,Clear Non-Reply,0.9836506247520448,Clear Non-Reply,0.9153390526771544,Clear Non-Reply,0.9630163311958312,Ambivalent,0.6927708387374878,Clear Non-Reply,0.9950101375579834,Clear Non-Reply,0.9663075804710388,Clear Non-Reply,0.9425901174545288,Clear Non-Reply,0.9585168957710266,Clear Non-Reply
255,Clear Reply,Ambivalent,0.9990966320037842,Clear Reply,0.7092577219009399,Ambivalent,0.5159669518470764,Ambivalent,0.9903546571731568,Ambivalent,0.7236541509628296,Clear Reply,0.5934551954269409,Clear Reply,0.5029471516609192,Ambivalent,0.5432295799255371,Ambivalent
256,Ambivalent,Ambivalent,0.998784363269806,Ambivalent,0.904121160507202,Ambivalent,0.6741960644721985,Ambivalent,0.9982929825782776,Ambivalent,0.9862226843833924,Ambivalent,0.8281658887863159,Ambivalent,0.5926830768585205,Ambivalent,0.5432379245758057,Ambivalent
257,Clear Reply,Clear Reply,0.977992594242096,Clear Reply,0.8472427129745483,Ambivalent,0.6155864596366882,Ambivalent,0.7824167609214783,Ambivalent,0.9626885652542114,Clear Reply,0.6073470711708069,Ambivalent,0.5889012813568115,Ambivalent,0.5361502170562744,Ambivalent
258,Clear Non-Reply,Clear Non-Reply,0.9810549020767212,Clear Non-Reply,0.7482907176017761,Clear Non-Reply,0.4124950766563415,Clear Non-Reply,0.9223109483718872,Clear Non-Reply,0.9383799433708192,Clear Non-Reply,0.8792954683303833,Clear Non-Reply,0.8213984966278076,Clear Non-Reply,0.9571031332015992,Clear Non-Reply
259,Clear Reply,Clear Reply,0.9981071949005128,Clear Reply,0.958512246608734,Clear Reply,0.6602107882499695,Clear Reply,0.9932708144187928,Clear Reply,0.9997815489768982,Clear Reply,0.8343580365180969,Clear Reply,0.6404516100883484,Clear Reply,0.8388583660125732,Clear Reply
260,Clear Reply,Clear Reply,0.9686439633369446,Clear Non-Reply,0.8352223038673401,Clear Non-Reply,0.9246978163719176,Clear Reply,0.6977729201316833,Clear Reply,0.9998205304145812,Clear Reply,0.8771135807037354,Clear Non-Reply,0.6462173461914062,Clear Reply,0.8120433688163757,Clear Reply
261,Ambivalent,Ambivalent,0.9998846054077148,Clear Reply,0.6267865896224976,Clear Reply,0.4921380877494812,Ambivalent,0.990925669670105,Ambivalent,0.9800517559051514,Ambivalent,0.8738497495651245,Ambivalent,0.6103814840316772,Ambivalent,0.5431262254714966,Ambivalent
262,Ambivalent,Ambivalent,0.9968935251235962,Ambivalent,0.6727679371833801,Ambivalent,0.6741189360618591,Ambivalent,0.9531950354576112,Ambivalent,0.9996967315673828,Ambivalent,0.9858167171478271,Ambivalent,0.6612882018089294,Ambivalent,0.5430297255516052,Ambivalent
263,Clear Non-Reply,Clear Non-Reply,0.5696966052055359,Clear Non-Reply,0.6148626208305359,Clear Non-Reply,0.930961549282074,Clear Non-Reply,0.9253563284873962,Ambivalent,0.9773094654083252,Clear Non-Reply,0.7694675922393799,Clear Non-Reply,0.8144223690032959,Clear Non-Reply,0.9543377757072448,Clear Non-Reply
264,Clear Non-Reply,Ambivalent,0.9948341846466064,Ambivalent,0.9591410160064696,Ambivalent,0.523719847202301,Clear Non-Reply,0.6457492113113403,Ambivalent,0.999732792377472,Ambivalent,0.5277530550956726,Clear Non-Reply,0.4958367645740509,Ambivalent,0.5070516467094421,Ambivalent
265,Clear Non-Reply,Clear Non-Reply,0.9953723549842834,Clear Reply,0.8441591858863831,Clear Non-Reply,0.8971291780471802,Clear Non-Reply,0.5501593351364136,Clear Non-Reply,0.9759080410003662,Ambivalent,0.6832946538925171,Clear Non-Reply,0.5343664288520813,Clear Non-Reply,0.9650229811668396,Clear Non-Reply
266,Ambivalent,Ambivalent,0.9997819066047668,Ambivalent,0.9771148562431335,Ambivalent,0.5545376539230347,Ambivalent,0.9938371777534484,Ambivalent,0.6794090270996094,Ambivalent,0.9334551692008972,Ambivalent,0.5735558867454529,Ambivalent,0.5431243181228638,Ambivalent
267,Clear Reply,Ambivalent,0.9960313439369202,Clear Reply,0.7493178844451904,Ambivalent,0.6315772533416748,Ambivalent,0.9991508722305298,Ambivalent,0.9425482749938964,Ambivalent,0.9521378874778748,Ambivalent,0.6248630881309509,Ambivalent,0.5294168591499329,Ambivalent
268,Clear Reply,Clear Reply,0.995042085647583,Ambivalent,0.8447171449661255,Ambivalent,0.6411769390106201,Clear Reply,0.9457777738571168,Clear Reply,0.663331925868988,Clear Reply,0.7395845651626587,Clear Reply,0.5406688451766968,Clear Reply,0.8145480155944824,Clear Reply
269,Ambivalent,Clear Reply,0.9892622828483582,Clear Reply,0.9813395142555236,Clear Reply,0.8418557643890381,Clear Reply,0.8661758899688721,Clear Reply,0.9997374415397644,Clear Reply,0.8308151960372925,Ambivalent,0.6319193243980408,Clear Reply,0.7702030539512634,Clear Reply
270,Ambivalent,Clear Reply,0.997004210948944,Clear Reply,0.9603009223937988,Clear Reply,0.6468201279640198,Clear Reply,0.94244122505188,Clear Reply,0.9996163845062256,Clear Reply,0.9317530393600464,Clear Reply,0.6141291260719299,Ambivalent,0.541662335395813,Clear Reply
271,Ambivalent,Ambivalent,0.8320205211639404,Ambivalent,0.5130257606506348,Ambivalent,0.549362063407898,Clear Non-Reply,0.7373456358909607,Ambivalent,0.9997578263282776,Ambivalent,0.977644681930542,Clear Non-Reply,0.6289323568344116,Ambivalent,0.5433593392372131,Ambivalent
272,Ambivalent,Ambivalent,0.9998732805252076,Ambivalent,0.9681071639060974,Ambivalent,0.6708160638809204,Ambivalent,0.9979935884475708,Ambivalent,0.9999074935913086,Ambivalent,0.9828451871871948,Ambivalent,0.7488057017326355,Ambivalent,0.5444595217704773,Ambivalent
273,Ambivalent,Ambivalent,0.9998334646224976,Ambivalent,0.5794346332550049,Clear Reply,0.5679632425308228,Clear Reply,0.9534074664115906,Ambivalent,0.8328641057014465,Clear Reply,0.8040676116943359,Ambivalent,0.6025685667991638,Clear Reply,0.7763078808784485,Ambivalent
274,Ambivalent,Ambivalent,0.712318480014801,Ambivalent,0.9102888107299804,Ambivalent,0.6768338680267334,Ambivalent,0.9847166538238524,Ambivalent,0.9987004995346068,Ambivalent,0.639406681060791,Ambivalent,0.6171644926071167,Ambivalent,0.5438531041145325,Ambivalent
275,Ambivalent,Clear Non-Reply,0.8394807577133179,Ambivalent,0.9370326995849608,Clear Non-Reply,0.9014338254928588,Ambivalent,0.9852729439735411,Ambivalent,0.9998086094856262,Ambivalent,0.6301304697990417,Ambivalent,0.641557514667511,Ambivalent,0.5435417294502258,Ambivalent
276,Ambivalent,Clear Non-Reply,0.8902934193611145,Ambivalent,0.716946005821228,Ambivalent,0.5965020060539246,Ambivalent,0.5987030863761902,Clear Non-Reply,0.922396719455719,Clear Non-Reply,0.5284177660942078,Clear Non-Reply,0.4928755164146423,Clear Non-Reply,0.9634742736816406,Clear Non-Reply
277,Clear Non-Reply,Clear Non-Reply,0.71368807554245,Clear Non-Reply,0.6928216814994812,Ambivalent,0.5615795254707336,Ambivalent,0.7394948601722717,Ambivalent,0.9616984724998474,Ambivalent,0.6283382177352905,Ambivalent,0.5990893244743347,Ambivalent,0.5431740880012512,Ambivalent
278,Ambivalent,Ambivalent,0.9998739957809448,Clear Reply,0.86189204454422,Ambivalent,0.6207645535469055,Ambivalent,0.9885568618774414,Ambivalent,0.9998949766159058,Ambivalent,0.9773847460746764,Ambivalent,0.6418376564979553,Ambivalent,0.5430922508239746,Ambivalent
279,Ambivalent,Clear Reply,0.9977228045463562,Clear Reply,0.9219108819961548,Ambivalent,0.607974112033844,Ambivalent,0.9920471906661988,Ambivalent,0.9900897741317748,Ambivalent,0.9481818079948424,Ambivalent,0.5651143789291382,Ambivalent,0.5432759523391724,Ambivalent
280,Ambivalent,Clear Non-Reply,0.9677153825759888,Clear Non-Reply,0.5329332947731018,Ambivalent,0.6564205288887024,Clear Non-Reply,0.9942935109138488,Ambivalent,0.9994589686393738,Ambivalent,0.9830797910690308,Clear Non-Reply,0.7197383046150208,Ambivalent,0.543572723865509,Ambivalent
281,Ambivalent,Clear Reply,0.998945415019989,Clear Reply,0.925569236278534,Clear Reply,0.7407118082046509,Clear Reply,0.9923702478408812,Clear Reply,0.999813973903656,Clear Reply,0.8981311917304993,Clear Reply,0.6689499020576477,Clear Reply,0.8015403747558594,Clear Reply
282,Clear Reply,Clear Reply,0.999288022518158,Clear Reply,0.9888407588005066,Clear Reply,0.7786900997161865,Clear Reply,0.9983857870101928,Clear Reply,0.9998155236244202,Clear Reply,0.9692665934562684,Clear Reply,0.6623599529266357,Clear Reply,0.8182631731033325,Clear Reply
283,Ambivalent,Ambivalent,0.9479997158050536,Ambivalent,0.8107752799987793,Ambivalent,0.5827400088310242,Ambivalent,0.908351719379425,Ambivalent,0.9968858361244202,Clear Reply,0.5173386335372925,Ambivalent,0.575823187828064,Ambivalent,0.5429075360298157,Ambivalent
284,Ambivalent,Clear Reply,0.9965630173683168,Clear Reply,0.8174011707305908,Ambivalent,0.5841671228408813,Ambivalent,0.9213622212409972,Clear Reply,0.9938642978668212,Ambivalent,0.919888436794281,Ambivalent,0.556117594242096,Ambivalent,0.5432431101799011,Ambivalent
285,Clear Non-Reply,Ambivalent,0.9975138902664183,Ambivalent,0.5933883786201477,Clear Non-Reply,0.5900640487670898,Clear Non-Reply,0.998427391052246,Clear Non-Reply,0.999971866607666,Clear Non-Reply,0.9962561130523682,Clear Non-Reply,0.9670043587684632,Clear Non-Reply,0.9701842665672302,Clear Non-Reply
286,Ambivalent,Ambivalent,0.6915680170059204,Ambivalent,0.6978104114532471,Ambivalent,0.6667122840881348,Ambivalent,0.9823733568191528,Ambivalent,0.9931551814079284,Ambivalent,0.8210580348968506,Ambivalent,0.5076162219047546,Ambivalent,0.5433530807495117,Ambivalent
287,Ambivalent,Ambivalent,0.9997219443321228,Ambivalent,0.826741099357605,Ambivalent,0.5536362528800964,Ambivalent,0.9178466200828552,Ambivalent,0.9791364073753356,Ambivalent,0.9472237825393676,Ambivalent,0.5118257999420166,Ambivalent,0.5430497527122498,Ambivalent
288,Clear Non-Reply,Ambivalent,0.885463535785675,Ambivalent,0.9405611157417296,Clear Non-Reply,0.6168912649154663,Ambivalent,0.9843214750289916,Ambivalent,0.9989112615585328,Ambivalent,0.5655783414840698,Ambivalent,0.637270987033844,Ambivalent,0.5435019135475159,Ambivalent
289,Ambivalent,Ambivalent,0.989267885684967,Ambivalent,0.6696456074714661,Ambivalent,0.4956572353839874,Ambivalent,0.9858341813087464,Clear Reply,0.9609951376914978,Ambivalent,0.8325258493423462,Ambivalent,0.61153244972229,Ambivalent,0.5434156060218811,Ambivalent
290,Clear Reply,Clear Reply,0.5914449691772461,Clear Reply,0.6349050998687744,Ambivalent,0.6648555397987366,Clear Reply,0.545706570148468,Clear Reply,0.9945194125175476,Clear Reply,0.757007896900177,Ambivalent,0.6466705203056335,Ambivalent,0.5434406399726868,Clear Reply
291,Clear Reply,Ambivalent,0.9971500039100648,Ambivalent,0.7266928553581238,Ambivalent,0.5463807582855225,Ambivalent,0.6755076050758362,Clear Reply,0.6103695034980774,Clear Reply,0.8386916518211365,Ambivalent,0.54623943567276,Ambivalent,0.543435275554657,Ambivalent
292,Clear Reply,Clear Reply,0.9989894032478333,Clear Reply,0.9354074597358704,Clear Reply,0.6630149483680725,Clear Reply,0.9758819341659546,Clear Reply,0.9995760321617126,Clear Reply,0.9000526070594788,Clear Reply,0.7045928835868835,Clear Reply,0.756629467010498,Clear Reply
293,Clear Reply,Clear Reply,0.9989684820175172,Clear Reply,0.9154567122459412,Clear Reply,0.6933541297912598,Clear Reply,0.8903417587280273,Clear Reply,0.99880850315094,Clear Reply,0.9126384854316713,Ambivalent,0.6385931372642517,Clear Reply,0.7601802349090576,Clear Reply
294,Ambivalent,Ambivalent,0.9918459057807922,Clear Reply,0.8912010192871094,Ambivalent,0.5323216915130615,Ambivalent,0.9932188391685486,Ambivalent,0.9695404171943665,Ambivalent,0.7564572691917419,Ambivalent,0.5064800381660461,Ambivalent,0.5429876446723938,Ambivalent
295,Ambivalent,Ambivalent,0.9593909978866576,Ambivalent,0.8509258031845093,Ambivalent,0.7003236413002014,Ambivalent,0.9620937705039978,Ambivalent,0.9874115586280824,Clear Reply,0.8396876454353333,Ambivalent,0.5869565606117249,Ambivalent,0.5429649949073792,Ambivalent
296,Ambivalent,Ambivalent,0.9828962683677672,Ambivalent,0.6597273945808411,Ambivalent,0.6484583616256714,Clear Reply,0.5091888904571533,Ambivalent,0.9993482232093812,Ambivalent,0.9519934058189392,Ambivalent,0.6456822156906128,Ambivalent,0.5434173345565796,Ambivalent
297,Ambivalent,Clear Non-Reply,0.9347966313362122,Clear Non-Reply,0.6407473683357239,Clear Non-Reply,0.9631973505020142,Clear Non-Reply,0.8832314610481262,Clear Non-Reply,0.996760070323944,Clear Non-Reply,0.9372700452804564,Clear Non-Reply,0.9335414171218872,Clear Non-Reply,0.959519386291504,Clear Non-Reply
298,Clear Reply,Clear Reply,0.9992215633392334,Clear Reply,0.6758855581283569,Ambivalent,0.5536081194877625,Clear Reply,0.961105227470398,Clear Reply,0.9994655251502992,Clear Reply,0.5906822681427002,Clear Reply,0.597342312335968,Ambivalent,0.543969452381134,Clear Reply
299,Clear Reply,Clear Reply,0.9962286949157716,Clear Reply,0.9157831072807312,Clear Reply,0.8089765310287476,Clear Reply,0.9919683337211608,Ambivalent,0.8054404258728027,Clear Reply,0.8156688213348389,Ambivalent,0.6877647042274475,Ambivalent,0.499905914068222,Clear Reply
300,Clear Non-Reply,Clear Non-Reply,0.9937471151351928,Clear Non-Reply,0.8362827301025391,Clear Non-Reply,0.5763882994651794,Clear Non-Reply,0.9991649389266968,Clear Non-Reply,0.9998464584350586,Clear Non-Reply,0.5178120136260986,Clear Non-Reply,0.9693039059638976,Clear Non-Reply,0.9729250073432922,Clear Non-Reply
301,Ambivalent,Ambivalent,0.9994959831237792,Ambivalent,0.8149176836013794,Ambivalent,0.6956011652946472,Ambivalent,0.985871970653534,Ambivalent,0.9729301929473876,Ambivalent,0.8993290662765503,Ambivalent,0.6377817988395691,Ambivalent,0.5428329706192017,Ambivalent
302,Ambivalent,Ambivalent,0.9995645880699158,Ambivalent,0.5198055505752563,Ambivalent,0.6690198183059692,Clear Reply,0.9033538699150084,Clear Reply,0.986026167869568,Clear Reply,0.6706283092498779,Clear Reply,0.5503867268562317,Clear Reply,0.7692840695381165,Clear Reply
303,Ambivalent,Ambivalent,0.5656097531318665,Clear Reply,0.6180692911148071,Ambivalent,0.6778326630592346,Ambivalent,0.9790652990341188,Ambivalent,0.9992080330848694,Clear Reply,0.7590700387954712,Ambivalent,0.6069504618644714,Ambivalent,0.5322753190994263,Ambivalent
304,Ambivalent,Clear Reply,0.9989200830459596,Clear Reply,0.5431931018829346,Clear Reply,0.6223324537277222,Clear Reply,0.7617710828781128,Clear Reply,0.9927510023117064,Clear Reply,0.7140696048736572,Ambivalent,0.6581635475158691,Ambivalent,0.5430219769477844,Clear Reply
305,Clear Reply,Ambivalent,0.5651485323905945,Ambivalent,0.5915936231613159,Clear Reply,0.5950302481651306,Clear Reply,0.9871377944946288,Clear Reply,0.9915704727172852,Ambivalent,0.6284651160240173,Clear Non-Reply,0.6142098307609558,Ambivalent,0.5433074235916138,Ambivalent
306,Ambivalent,Ambivalent,0.999393105506897,Ambivalent,0.926529586315155,Ambivalent,0.5287031531333923,Ambivalent,0.9985790252685548,Ambivalent,0.997459352016449,Ambivalent,0.9207006692886353,Ambivalent,0.5425291657447815,Ambivalent,0.543269157409668,Ambivalent
307,Clear Reply,Ambivalent,0.90590500831604,Clear Reply,0.7226752638816833,Clear Reply,0.5315182209014893,Clear Reply,0.964066445827484,Clear Reply,0.7242615222930908,Ambivalent,0.8682944178581238,Ambivalent,0.7278846502304077,Ambivalent,0.5449795126914978,Clear Reply
