index,clarity_label,deberta_en_base_unfreezing25_fixed_multilayerhead_originaldata_truncheadtail_losswce_predictionscsv__predicted_label,deberta_en_base_unfreezing25_fixed_multilayerhead_originaldata_truncheadtail_losswce_predictionscsv__predicted_confidence,deberta_en_base_unfreezing25_fixed_multilayerhead_originaldata_trunchead_lossce_predictionscsv__predicted_label,deberta_en_base_unfreezing25_fixed_multilayerhead_originaldata_trunchead_lossce_predictionscsv__predicted_confidence,deberta_en_base_unfreezing25_fixed_multilayerhead_originaldata_trunchead_losswce_predictionscsv__predicted_label,deberta_en_base_unfreezing25_fixed_multilayerhead_originaldata_trunchead_losswce_predictionscsv__predicted_confidence,deberta_en_base_unfreezing25_fixed_avgpoolhead_originaldata_trunchead_lossce_predictionscsv__predicted_label,deberta_en_base_unfreezing25_fixed_avgpoolhead_originaldata_trunchead_lossce_predictionscsv__predicted_confidence,deberta_en_base_unfreezing25_fixed_avgpoolhead_originaldata_trunchead_losswce_predictionscsv__predicted_label,deberta_en_base_unfreezing25_fixed_avgpoolhead_originaldata_trunchead_losswce_predictionscsv__predicted_confidence,roberta_en_base_unfreezing75_fixed_avgpoolhead_originaldata_truncheadtail_losswce_predictionscsv__predicted_label,roberta_en_base_unfreezing75_fixed_avgpoolhead_originaldata_truncheadtail_losswce_predictionscsv__predicted_confidence,deberta_en_base_unfreezing25_fixed_multilayerhead_head-tail_wce_dropout30_noaug_predictionscsv__predicted_label,deberta_en_base_unfreezing25_fixed_multilayerhead_head-tail_wce_dropout30_noaug_predictionscsv__predicted_confidence,deberta_en_base_unfreezing25_fixed_avgpoolhead_originaldata_truncheadtail_losswce_predictionscsv__predicted_label,deberta_en_base_unfreezing25_fixed_avgpoolhead_originaldata_truncheadtail_losswce_predictionscsv__predicted_confidence,predicted_label
0,Ambivalent,Ambivalent,0.9996840953826904,Ambivalent,0.8632230162620544,Ambivalent,0.8632230162620544,Ambivalent,0.9999700784683228,Ambivalent,0.9999700784683228,Ambivalent,0.9965873956680298,Ambivalent,0.980592966079712,Ambivalent,0.9999568462371826,Ambivalent
1,Ambivalent,Ambivalent,0.9942809343338012,Ambivalent,0.7495065927505493,Ambivalent,0.7495065927505493,Ambivalent,0.9999099969863892,Ambivalent,0.9999099969863892,Clear Reply,0.9962115287780762,Ambivalent,0.971867561340332,Ambivalent,0.6924662590026855,Ambivalent
2,Ambivalent,Clear Reply,0.6362573504447937,Ambivalent,0.6227653622627258,Ambivalent,0.6227653622627258,Ambivalent,0.9990082383155824,Ambivalent,0.9990082383155824,Ambivalent,0.9537463188171388,Clear Reply,0.6365619897842407,Ambivalent,0.999975323677063,Ambivalent
3,Ambivalent,Ambivalent,0.8402521014213562,Clear Non-Reply,0.4539962708950043,Clear Non-Reply,0.4539962708950043,Ambivalent,0.9846147894859314,Ambivalent,0.9846147894859314,Clear Non-Reply,0.859495222568512,Clear Non-Reply,0.879611074924469,Ambivalent,0.9964054822921752,Ambivalent
4,Ambivalent,Clear Reply,0.9982089996337892,Clear Reply,0.8930447697639465,Clear Reply,0.8930447697639465,Clear Reply,0.9982276558876038,Clear Reply,0.9982276558876038,Ambivalent,0.9930223822593688,Clear Reply,0.7841357588768005,Clear Reply,0.6658534407615662,Clear Reply
5,Ambivalent,Clear Reply,0.6917314529418945,Ambivalent,0.5976999998092651,Ambivalent,0.5976999998092651,Ambivalent,0.9978558421134948,Ambivalent,0.9978558421134948,Clear Reply,0.9459322690963744,Ambivalent,0.948019564151764,Ambivalent,0.9998964071273804,Ambivalent
6,Ambivalent,Ambivalent,0.9997650980949402,Ambivalent,0.8447750806808472,Ambivalent,0.8447750806808472,Ambivalent,0.9993398785591124,Ambivalent,0.9993398785591124,Ambivalent,0.9998278617858888,Ambivalent,0.9289660453796388,Ambivalent,0.9999982118606568,Ambivalent
7,Ambivalent,Ambivalent,0.99931800365448,Ambivalent,0.861231803894043,Ambivalent,0.861231803894043,Ambivalent,0.9998676776885986,Ambivalent,0.9998676776885986,Ambivalent,0.9881808757781982,Ambivalent,0.9113309383392334,Ambivalent,0.99998939037323,Ambivalent
8,Ambivalent,Clear Reply,0.9988855719566344,Clear Reply,0.572750985622406,Clear Reply,0.572750985622406,Clear Reply,0.9966177344322203,Clear Reply,0.9966177344322203,Clear Reply,0.9992220401763916,Clear Reply,0.8312128782272339,Clear Reply,0.999937891960144,Clear Reply
9,Ambivalent,Ambivalent,0.9988127946853638,Ambivalent,0.7056320905685425,Ambivalent,0.7056320905685425,Clear Reply,0.9262272715568542,Clear Reply,0.9262272715568542,Ambivalent,0.998508870601654,Ambivalent,0.8324450850486755,Ambivalent,0.99432110786438,Ambivalent
10,Ambivalent,Ambivalent,0.99553644657135,Ambivalent,0.5939425230026245,Ambivalent,0.5939425230026245,Ambivalent,0.9993610978126526,Ambivalent,0.9993610978126526,Ambivalent,0.9996248483657836,Ambivalent,0.6239717602729797,Ambivalent,0.9596143364906312,Ambivalent
11,Clear Reply,Ambivalent,0.7005650997161865,Clear Reply,0.4531888961791992,Clear Reply,0.4531888961791992,Ambivalent,0.9908756017684937,Ambivalent,0.9908756017684937,Ambivalent,0.9965882301330566,Clear Non-Reply,0.6713049411773682,Ambivalent,0.9983466863632202,Ambivalent
12,Ambivalent,Ambivalent,0.9574950337409972,Clear Reply,0.7629992365837097,Clear Reply,0.7629992365837097,Clear Reply,0.9977986216545104,Clear Reply,0.9977986216545104,Clear Reply,0.986634373664856,Clear Reply,0.8726091980934143,Clear Reply,0.9989668130874634,Clear Reply
13,Clear Reply,Ambivalent,0.987070083618164,Ambivalent,0.6218916177749634,Ambivalent,0.6218916177749634,Clear Reply,0.998815655708313,Clear Reply,0.998815655708313,Ambivalent,0.5195676684379578,Clear Reply,0.8954987525939941,Clear Reply,0.9995881915092468,Clear Reply
14,Ambivalent,Ambivalent,0.9998286962509156,Ambivalent,0.6935842633247375,Ambivalent,0.6935842633247375,Clear Reply,0.9996756315231324,Clear Reply,0.9996756315231324,Ambivalent,0.9997205138206482,Ambivalent,0.9667412042617798,Ambivalent,0.7055372595787048,Ambivalent
15,Clear Reply,Clear Reply,0.9984906911849976,Clear Reply,0.7430996894836426,Clear Reply,0.7430996894836426,Clear Reply,0.9997033476829528,Clear Reply,0.9997033476829528,Clear Reply,0.9987841248512268,Clear Reply,0.6567384600639343,Clear Reply,0.999969482421875,Clear Reply
16,Ambivalent,Clear Reply,0.5721436142921448,Clear Non-Reply,0.4930872321128845,Clear Non-Reply,0.4930872321128845,Ambivalent,0.7652610540390015,Ambivalent,0.7652610540390015,Ambivalent,0.986446499824524,Clear Non-Reply,0.9786648154258728,Clear Non-Reply,0.6039565205574036,Clear Non-Reply
17,Ambivalent,Ambivalent,0.9995967745780944,Ambivalent,0.8781680464744568,Ambivalent,0.8781680464744568,Ambivalent,0.8916125893592834,Ambivalent,0.8916125893592834,Ambivalent,0.999904990196228,Clear Non-Reply,0.6402959227561951,Clear Non-Reply,0.9942188262939452,Ambivalent
18,Ambivalent,Ambivalent,0.9998810291290284,Ambivalent,0.7349393367767334,Ambivalent,0.7349393367767334,Ambivalent,0.9999849796295166,Ambivalent,0.9999849796295166,Ambivalent,0.996907651424408,Ambivalent,0.8756688237190247,Ambivalent,0.9999972581863404,Ambivalent
19,Ambivalent,Ambivalent,0.9995580315589904,Ambivalent,0.7940777540206909,Ambivalent,0.7940777540206909,Ambivalent,0.9877140522003174,Ambivalent,0.9877140522003174,Clear Reply,0.762957751750946,Ambivalent,0.9780293107032776,Ambivalent,0.999981164932251,Ambivalent
20,Ambivalent,Ambivalent,0.8253329992294312,Ambivalent,0.6624820828437805,Ambivalent,0.6624820828437805,Ambivalent,0.921122670173645,Ambivalent,0.921122670173645,Ambivalent,0.996407687664032,Ambivalent,0.9329631924629213,Ambivalent,0.9999721050262452,Ambivalent
21,Clear Reply,Clear Reply,0.9987714886665344,Clear Reply,0.963911771774292,Clear Reply,0.963911771774292,Clear Reply,0.99999737739563,Clear Reply,0.99999737739563,Clear Reply,0.999811351299286,Clear Reply,0.9913610816001892,Clear Reply,0.9999988079071044,Clear Reply
22,Ambivalent,Ambivalent,0.9611911177635192,Ambivalent,0.8020603656768799,Ambivalent,0.8020603656768799,Ambivalent,0.989553928375244,Ambivalent,0.989553928375244,Ambivalent,0.9993322491645812,Ambivalent,0.6633434295654297,Ambivalent,0.9376338720321656,Ambivalent
23,Ambivalent,Ambivalent,0.9989238381385804,Ambivalent,0.59702068567276,Ambivalent,0.59702068567276,Ambivalent,0.9999716281890868,Ambivalent,0.9999716281890868,Ambivalent,0.9994660019874572,Ambivalent,0.7527732253074646,Clear Reply,0.9660555124282836,Ambivalent
24,Ambivalent,Ambivalent,0.999669313430786,Ambivalent,0.6715996861457825,Ambivalent,0.6715996861457825,Ambivalent,0.9995800852775574,Ambivalent,0.9995800852775574,Ambivalent,0.9928570985794068,Ambivalent,0.6957865953445435,Ambivalent,0.9999866485595704,Ambivalent
25,Ambivalent,Ambivalent,0.9852627515792848,Ambivalent,0.7870874404907227,Ambivalent,0.7870874404907227,Ambivalent,0.9994530081748962,Ambivalent,0.9994530081748962,Ambivalent,0.6534922122955322,Ambivalent,0.6220232248306274,Ambivalent,0.9994999170303344,Ambivalent
26,Ambivalent,Ambivalent,0.9712980389595032,Ambivalent,0.6885848641395569,Ambivalent,0.6885848641395569,Clear Reply,0.9949755668640136,Clear Reply,0.9949755668640136,Ambivalent,0.9982277750968932,Ambivalent,0.8579970598220825,Clear Reply,0.6661816239356995,Ambivalent
27,Ambivalent,Ambivalent,0.9849882125854492,Ambivalent,0.7718660235404968,Ambivalent,0.7718660235404968,Ambivalent,0.999974250793457,Ambivalent,0.999974250793457,Ambivalent,0.999594271183014,Clear Non-Reply,0.6684748530387878,Ambivalent,0.9999918937683104,Ambivalent
28,Ambivalent,Ambivalent,0.9961929321289062,Ambivalent,0.5893470644950867,Ambivalent,0.5893470644950867,Ambivalent,0.999953269958496,Ambivalent,0.999953269958496,Ambivalent,0.9993993043899536,Ambivalent,0.95594984292984,Ambivalent,0.99996018409729,Ambivalent
29,Clear Non-Reply,Clear Non-Reply,0.7063432335853577,Clear Non-Reply,0.6865532994270325,Clear Non-Reply,0.6865532994270325,Clear Non-Reply,0.6005840301513672,Clear Non-Reply,0.6005840301513672,Ambivalent,0.9971374273300172,Clear Non-Reply,0.9446256160736084,Clear Non-Reply,0.9572264552116394,Clear Non-Reply
30,Clear Reply,Clear Reply,0.9983820915222168,Ambivalent,0.5165386199951172,Ambivalent,0.5165386199951172,Clear Reply,0.9168753623962402,Clear Reply,0.9168753623962402,Clear Reply,0.99468332529068,Ambivalent,0.5506848692893982,Clear Reply,0.9998112320899964,Clear Reply
31,Ambivalent,Clear Reply,0.9842444062232972,Ambivalent,0.5821162462234497,Ambivalent,0.5821162462234497,Ambivalent,0.9947227239608764,Ambivalent,0.9947227239608764,Ambivalent,0.9998075366020204,Clear Reply,0.6864908933639526,Ambivalent,0.999404788017273,Ambivalent
32,Clear Non-Reply,Ambivalent,0.9984776377677916,Ambivalent,0.7974774837493896,Ambivalent,0.7974774837493896,Ambivalent,0.9995433688163756,Ambivalent,0.9995433688163756,Ambivalent,0.9998776912689208,Clear Non-Reply,0.7133336067199707,Ambivalent,0.9999136924743652,Ambivalent
33,Ambivalent,Clear Non-Reply,0.6672378182411194,Clear Non-Reply,0.7375487089157104,Clear Non-Reply,0.7375487089157104,Clear Non-Reply,0.9777701497077942,Clear Non-Reply,0.9777701497077942,Ambivalent,0.9016773104667664,Clear Non-Reply,0.9921938180923462,Clear Non-Reply,0.9999223947525024,Clear Non-Reply
34,Ambivalent,Ambivalent,0.9965741634368896,Clear Reply,0.7814232110977173,Clear Reply,0.7814232110977173,Ambivalent,0.9999068975448608,Ambivalent,0.9999068975448608,Ambivalent,0.999882698059082,Clear Reply,0.7380310297012329,Ambivalent,0.9996308088302612,Ambivalent
35,Ambivalent,Ambivalent,0.9932122230529784,Ambivalent,0.7556565403938293,Ambivalent,0.7556565403938293,Ambivalent,0.9993508458137512,Ambivalent,0.9993508458137512,Ambivalent,0.9998134970664978,Ambivalent,0.9375424981117249,Ambivalent,0.9999960660934448,Ambivalent
36,Clear Reply,Ambivalent,0.9999449253082277,Ambivalent,0.8458088040351868,Ambivalent,0.8458088040351868,Ambivalent,0.9999321699142456,Ambivalent,0.9999321699142456,Ambivalent,0.9997150301933287,Ambivalent,0.9420391321182252,Ambivalent,0.9998175501823424,Ambivalent
37,Ambivalent,Clear Reply,0.8844695091247559,Clear Reply,0.6136026382446289,Clear Reply,0.6136026382446289,Clear Reply,0.9971640706062316,Clear Reply,0.9971640706062316,Clear Reply,0.9983056783676147,Clear Reply,0.9311951398849488,Clear Reply,0.9994139671325684,Clear Reply
38,Ambivalent,Clear Reply,0.7132571339607239,Ambivalent,0.6100945472717285,Ambivalent,0.6100945472717285,Ambivalent,0.8753625154495239,Ambivalent,0.8753625154495239,Clear Reply,0.998729169368744,Clear Reply,0.7877772450447083,Clear Reply,0.9999465942382812,Clear Reply
39,Ambivalent,Ambivalent,0.9996802806854248,Ambivalent,0.7146404981613159,Ambivalent,0.7146404981613159,Ambivalent,0.9969775676727296,Ambivalent,0.9969775676727296,Ambivalent,0.999595820903778,Ambivalent,0.8583431243896484,Ambivalent,0.9999836683273317,Ambivalent
40,Ambivalent,Ambivalent,0.8368603587150574,Clear Non-Reply,0.6466465592384338,Clear Non-Reply,0.6466465592384338,Clear Non-Reply,0.5371345281600952,Clear Non-Reply,0.5371345281600952,Clear Non-Reply,0.99898761510849,Clear Non-Reply,0.8579684495925903,Clear Non-Reply,0.9949138164520264,Clear Non-Reply
41,Ambivalent,Ambivalent,0.9994995594024658,Ambivalent,0.6493529677391052,Ambivalent,0.6493529677391052,Ambivalent,0.9981814622879028,Ambivalent,0.9981814622879028,Ambivalent,0.9978750944137572,Ambivalent,0.9438254237174988,Ambivalent,0.9999923706054688,Ambivalent
42,Ambivalent,Ambivalent,0.9840206503868104,Ambivalent,0.7470309734344482,Ambivalent,0.7470309734344482,Ambivalent,0.9064082503318788,Ambivalent,0.9064082503318788,Ambivalent,0.9203850030899048,Ambivalent,0.9669817090034484,Ambivalent,0.998890221118927,Ambivalent
43,Ambivalent,Ambivalent,0.8986098170280457,Ambivalent,0.5029685497283936,Ambivalent,0.5029685497283936,Ambivalent,0.9994828701019288,Ambivalent,0.9994828701019288,Clear Non-Reply,0.9990826845169068,Clear Non-Reply,0.9841929078102112,Ambivalent,0.9976748824119568,Ambivalent
44,Ambivalent,Ambivalent,0.6891111135482788,Ambivalent,0.7652605772018433,Ambivalent,0.7652605772018433,Ambivalent,0.999914526939392,Ambivalent,0.999914526939392,Ambivalent,0.8157634139060974,Ambivalent,0.9326212406158448,Ambivalent,0.980492353439331,Ambivalent
45,Ambivalent,Ambivalent,0.981533706188202,Clear Reply,0.523827075958252,Clear Reply,0.523827075958252,Clear Reply,0.9895869493484496,Clear Reply,0.9895869493484496,Clear Reply,0.9806385636329652,Clear Reply,0.8352922797203064,Clear Reply,0.9976263642311096,Clear Reply
46,Clear Reply,Clear Reply,0.984198808670044,Clear Reply,0.5295552015304565,Clear Reply,0.5295552015304565,Clear Reply,0.9999880790710448,Clear Reply,0.9999880790710448,Clear Reply,0.9996957778930664,Clear Reply,0.6921854615211487,Clear Reply,0.999996304512024,Clear Reply
47,Ambivalent,Clear Reply,0.998293936252594,Clear Reply,0.8024984002113342,Clear Reply,0.8024984002113342,Clear Reply,0.9983420372009276,Clear Reply,0.9983420372009276,Clear Reply,0.9767483472824096,Clear Reply,0.7487731575965881,Clear Reply,0.999889612197876,Clear Reply
48,Ambivalent,Clear Reply,0.9919188618659972,Clear Reply,0.7242436408996582,Clear Reply,0.7242436408996582,Clear Reply,0.9996163845062256,Clear Reply,0.9996163845062256,Ambivalent,0.9986268281936646,Clear Reply,0.7022152543067932,Clear Reply,0.9985694885253906,Clear Reply
49,Clear Non-Reply,Ambivalent,0.7178780436515808,Clear Non-Reply,0.7310844659805298,Clear Non-Reply,0.7310844659805298,Clear Non-Reply,0.9998262524604796,Clear Non-Reply,0.9998262524604796,Clear Non-Reply,0.793735682964325,Clear Non-Reply,0.8665411472320557,Clear Non-Reply,0.999919056892395,Clear Non-Reply
50,Ambivalent,Clear Reply,0.9962672591209412,Clear Reply,0.6191285252571106,Clear Reply,0.6191285252571106,Ambivalent,0.8504313230514526,Ambivalent,0.8504313230514526,Ambivalent,0.994927167892456,Ambivalent,0.8922041654586792,Ambivalent,0.9899056553840636,Ambivalent
51,Clear Reply,Clear Reply,0.984788417816162,Clear Reply,0.5240237712860107,Clear Reply,0.5240237712860107,Clear Reply,0.9803126454353333,Clear Reply,0.9803126454353333,Clear Reply,0.5507388114929199,Clear Reply,0.7338920831680298,Clear Reply,0.9987037181854248,Clear Reply
52,Ambivalent,Clear Reply,0.9971755743026732,Clear Reply,0.8605741262435913,Clear Reply,0.8605741262435913,Clear Reply,0.9999319314956664,Clear Reply,0.9999319314956664,Clear Reply,0.9776881337165833,Clear Reply,0.8975481390953064,Clear Reply,0.999974250793457,Clear Reply
53,Ambivalent,Ambivalent,0.9992027878761292,Ambivalent,0.7328851222991943,Ambivalent,0.7328851222991943,Ambivalent,0.9999080896377563,Ambivalent,0.9999080896377563,Ambivalent,0.9996459484100342,Ambivalent,0.7821300029754639,Ambivalent,0.999995231628418,Ambivalent
54,Clear Reply,Clear Reply,0.8319222331047058,Clear Non-Reply,0.488164484500885,Clear Non-Reply,0.488164484500885,Ambivalent,0.9804335236549376,Ambivalent,0.9804335236549376,Ambivalent,0.9965820908546448,Ambivalent,0.5666868686676025,Ambivalent,0.9931882619857788,Ambivalent
55,Ambivalent,Ambivalent,0.9792714715003968,Ambivalent,0.5038010478019714,Ambivalent,0.5038010478019714,Ambivalent,0.749754011631012,Ambivalent,0.749754011631012,Clear Reply,0.961637020111084,Ambivalent,0.6365401148796082,Ambivalent,0.9995326995849608,Ambivalent
56,Clear Non-Reply,Ambivalent,0.9997087121009828,Clear Reply,0.6725570559501648,Clear Reply,0.6725570559501648,Ambivalent,0.9998770952224731,Ambivalent,0.9998770952224731,Ambivalent,0.9997872710227966,Ambivalent,0.9637022614479064,Ambivalent,0.99998676776886,Ambivalent
57,Ambivalent,Clear Non-Reply,0.7350969314575195,Clear Non-Reply,0.7397210001945496,Clear Non-Reply,0.7397210001945496,Clear Non-Reply,0.8314465284347534,Clear Non-Reply,0.8314465284347534,Clear Non-Reply,0.981540322303772,Clear Non-Reply,0.9766179323196412,Clear Non-Reply,0.849408745765686,Clear Non-Reply
58,Clear Reply,Clear Reply,0.5059648752212524,Clear Non-Reply,0.6446462869644165,Clear Non-Reply,0.6446462869644165,Ambivalent,0.9212016463279724,Ambivalent,0.9212016463279724,Ambivalent,0.9973875880241394,Ambivalent,0.742191731929779,Clear Reply,0.8442327380180359,Ambivalent
59,Ambivalent,Ambivalent,0.999824583530426,Ambivalent,0.6619353294372559,Ambivalent,0.6619353294372559,Clear Reply,0.99745112657547,Clear Reply,0.99745112657547,Ambivalent,0.9995286464691162,Ambivalent,0.6614006757736206,Clear Reply,0.9988299012184144,Ambivalent
60,Clear Reply,Clear Reply,0.5570741295814514,Clear Reply,0.885565459728241,Clear Reply,0.885565459728241,Clear Reply,0.9995912909507751,Clear Reply,0.9995912909507751,Clear Reply,0.8753509521484375,Clear Non-Reply,0.9898723363876344,Clear Reply,0.998841106891632,Clear Reply
61,Clear Reply,Clear Reply,0.999381422996521,Clear Reply,0.9422846436500548,Clear Reply,0.9422846436500548,Clear Reply,0.9999765157699584,Clear Reply,0.9999765157699584,Clear Reply,0.9997629523277284,Clear Reply,0.9771239161491394,Clear Reply,0.999983549118042,Clear Reply
62,Ambivalent,Ambivalent,0.999456226825714,Ambivalent,0.5135484337806702,Ambivalent,0.5135484337806702,Ambivalent,0.8669931888580322,Ambivalent,0.8669931888580322,Ambivalent,0.9983540773391724,Clear Reply,0.5980380177497864,Clear Reply,0.8260104656219482,Ambivalent
63,Clear Reply,Clear Reply,0.8118173480033875,Clear Reply,0.8613637685775757,Clear Reply,0.8613637685775757,Ambivalent,0.96273273229599,Ambivalent,0.96273273229599,Ambivalent,0.9999432563781738,Clear Reply,0.9428564310073853,Ambivalent,0.8800908327102661,Ambivalent
64,Ambivalent,Ambivalent,0.9593254923820496,Ambivalent,0.5539941191673279,Ambivalent,0.5539941191673279,Ambivalent,0.999848484992981,Ambivalent,0.999848484992981,Ambivalent,0.999881625175476,Ambivalent,0.8377534747123718,Ambivalent,0.9999969005584716,Ambivalent
65,Ambivalent,Clear Reply,0.9956543445587158,Clear Reply,0.8336529731750488,Clear Reply,0.8336529731750488,Clear Reply,0.9999358654022216,Clear Reply,0.9999358654022216,Clear Reply,0.9730660915374756,Clear Reply,0.9052082896232604,Clear Reply,0.9999955892562866,Clear Reply
66,Clear Reply,Clear Reply,0.9992496371269226,Clear Reply,0.6583073139190674,Clear Reply,0.6583073139190674,Clear Reply,0.9999616146087646,Clear Reply,0.9999616146087646,Clear Reply,0.9996187686920166,Clear Reply,0.9426699876785278,Clear Reply,0.999995231628418,Clear Reply
67,Clear Reply,Ambivalent,0.9997617602348328,Ambivalent,0.7472934126853943,Ambivalent,0.7472934126853943,Ambivalent,0.9999450445175172,Ambivalent,0.9999450445175172,Ambivalent,0.9847458600997924,Ambivalent,0.9179952144622804,Ambivalent,0.9994526505470276,Ambivalent
68,Ambivalent,Ambivalent,0.9992367029190063,Ambivalent,0.8418546319007874,Ambivalent,0.8418546319007874,Ambivalent,0.9999839067459106,Ambivalent,0.9999839067459106,Ambivalent,0.9981479644775392,Ambivalent,0.9751245975494384,Ambivalent,0.999987006187439,Ambivalent
69,Clear Reply,Ambivalent,0.904441773891449,Clear Reply,0.52953040599823,Clear Reply,0.52953040599823,Clear Reply,0.6003394722938538,Clear Reply,0.6003394722938538,Clear Reply,0.9984506368637084,Clear Reply,0.8077744841575623,Clear Reply,0.9738299250602722,Clear Reply
70,Clear Reply,Ambivalent,0.9991437196731568,Clear Reply,0.6822511553764343,Clear Reply,0.6822511553764343,Clear Non-Reply,0.5273297429084778,Clear Non-Reply,0.5273297429084778,Clear Reply,0.9995272159576416,Clear Reply,0.787440836429596,Clear Reply,0.8796695470809937,Clear Reply
71,Clear Non-Reply,Clear Non-Reply,0.9105416536331176,Clear Non-Reply,0.776309072971344,Clear Non-Reply,0.776309072971344,Ambivalent,0.991534948348999,Ambivalent,0.991534948348999,Clear Non-Reply,0.9786996841430664,Clear Non-Reply,0.9060243964195251,Ambivalent,0.5396302938461304,Clear Non-Reply
72,Clear Non-Reply,Clear Non-Reply,0.9923155307769777,Ambivalent,0.6807783842086792,Ambivalent,0.6807783842086792,Clear Non-Reply,0.999123990535736,Clear Non-Reply,0.999123990535736,Clear Non-Reply,0.999974012374878,Clear Non-Reply,0.9824978709220886,Clear Non-Reply,0.9999130964279176,Clear Non-Reply
73,Clear Reply,Clear Reply,0.9881205558776855,Ambivalent,0.571776807308197,Ambivalent,0.571776807308197,Ambivalent,0.813352108001709,Ambivalent,0.813352108001709,Ambivalent,0.9999194145202636,Clear Reply,0.935366153717041,Ambivalent,0.9016349911689758,Ambivalent
74,Ambivalent,Clear Reply,0.998519480228424,Ambivalent,0.6389754414558411,Ambivalent,0.6389754414558411,Clear Reply,0.997204065322876,Clear Reply,0.997204065322876,Ambivalent,0.9968673586845398,Ambivalent,0.6205645799636841,Clear Reply,0.9994372725486756,Clear Reply
75,Ambivalent,Ambivalent,0.9997090697288512,Ambivalent,0.6345651745796204,Ambivalent,0.6345651745796204,Ambivalent,0.9959406852722168,Ambivalent,0.9959406852722168,Ambivalent,0.9997119307518004,Ambivalent,0.8727173209190369,Ambivalent,0.9999935626983644,Ambivalent
76,Clear Reply,Clear Reply,0.5712785720825195,Ambivalent,0.5340558290481567,Ambivalent,0.5340558290481567,Clear Reply,0.9909895062446594,Clear Reply,0.9909895062446594,Clear Reply,0.9994282126426696,Clear Reply,0.8912416696548462,Clear Reply,0.9992710947990416,Clear Reply
77,Ambivalent,Ambivalent,0.9729411602020264,Ambivalent,0.7138578295707703,Ambivalent,0.7138578295707703,Ambivalent,0.9998735189437866,Ambivalent,0.9998735189437866,Ambivalent,0.9993295669555664,Ambivalent,0.8711466193199158,Ambivalent,0.9999393224716188,Ambivalent
78,Ambivalent,Ambivalent,0.9982342720031738,Clear Reply,0.5128387212753296,Clear Reply,0.5128387212753296,Ambivalent,0.9989379048347472,Ambivalent,0.9989379048347472,Ambivalent,0.9991010427474976,Clear Reply,0.6275016069412231,Ambivalent,0.9993464350700378,Ambivalent
79,Ambivalent,Clear Reply,0.9986351132392884,Clear Reply,0.7042143940925598,Clear Reply,0.7042143940925598,Clear Reply,0.9999498128890992,Clear Reply,0.9999498128890992,Clear Reply,0.999626874923706,Clear Reply,0.9370722770690918,Clear Reply,0.9999819993972778,Clear Reply
80,Clear Reply,Ambivalent,0.9602407217025756,Ambivalent,0.6657400727272034,Ambivalent,0.6657400727272034,Ambivalent,0.9977534413337708,Ambivalent,0.9977534413337708,Clear Reply,0.763761579990387,Clear Reply,0.6534988284111023,Ambivalent,0.9933184385299684,Ambivalent
81,Ambivalent,Ambivalent,0.996871292591095,Ambivalent,0.5861771702766418,Ambivalent,0.5861771702766418,Ambivalent,0.9993680119514464,Ambivalent,0.9993680119514464,Clear Non-Reply,0.939951479434967,Clear Reply,0.7891482710838318,Ambivalent,0.998595416545868,Ambivalent
82,Ambivalent,Ambivalent,0.9814983010292052,Ambivalent,0.7824515700340271,Ambivalent,0.7824515700340271,Ambivalent,0.9999808073043824,Ambivalent,0.9999808073043824,Ambivalent,0.9745146036148072,Ambivalent,0.892951250076294,Ambivalent,0.9999959468841552,Ambivalent
83,Ambivalent,Clear Non-Reply,0.9949392080307008,Clear Non-Reply,0.8114002346992493,Clear Non-Reply,0.8114002346992493,Ambivalent,0.9923332929611206,Ambivalent,0.9923332929611206,Clear Non-Reply,0.9472629427909852,Clear Non-Reply,0.9923927783966064,Ambivalent,0.8464121222496033,Clear Non-Reply
84,Clear Non-Reply,Clear Non-Reply,0.9404267072677612,Clear Non-Reply,0.7056083679199219,Clear Non-Reply,0.7056083679199219,Clear Non-Reply,0.4906205236911773,Clear Non-Reply,0.4906205236911773,Clear Reply,0.8671265840530396,Clear Non-Reply,0.9723091721534728,Clear Non-Reply,0.9967471361160278,Clear Non-Reply
85,Ambivalent,Ambivalent,0.9990546107292176,Ambivalent,0.5723633170127869,Ambivalent,0.5723633170127869,Ambivalent,0.9964582324028016,Ambivalent,0.9964582324028016,Clear Reply,0.998527765274048,Clear Reply,0.6578326225280762,Ambivalent,0.9998399019241332,Ambivalent
86,Ambivalent,Ambivalent,0.8479976058006287,Clear Reply,0.522127091884613,Clear Reply,0.522127091884613,Clear Reply,0.8586916923522949,Clear Reply,0.8586916923522949,Ambivalent,0.9996172189712524,Ambivalent,0.6333699226379395,Ambivalent,0.5940641164779663,Ambivalent
87,Clear Reply,Clear Reply,0.9983270764350892,Clear Reply,0.8663771152496338,Clear Reply,0.8663771152496338,Clear Reply,0.9999116659164428,Clear Reply,0.9999116659164428,Clear Reply,0.999743640422821,Clear Reply,0.9669219851493835,Clear Reply,0.9999902248382568,Clear Reply
88,Clear Non-Reply,Clear Non-Reply,0.9920327663421632,Clear Non-Reply,0.5221659541130066,Clear Non-Reply,0.5221659541130066,Clear Non-Reply,0.9747940897941588,Clear Non-Reply,0.9747940897941588,Clear Non-Reply,0.9938220977783204,Clear Non-Reply,0.9921432733535768,Clear Non-Reply,0.99893456697464,Clear Non-Reply
89,Clear Reply,Clear Reply,0.9971529245376588,Ambivalent,0.5374001860618591,Ambivalent,0.5374001860618591,Clear Reply,0.7678007483482361,Clear Reply,0.7678007483482361,Ambivalent,0.9997414946556092,Clear Reply,0.6409795880317688,Clear Reply,0.9991284012794496,Clear Reply
90,Clear Reply,Ambivalent,0.571662425994873,Ambivalent,0.573377788066864,Ambivalent,0.573377788066864,Ambivalent,0.909585416316986,Ambivalent,0.909585416316986,Ambivalent,0.9993619322776794,Ambivalent,0.9208558201789856,Clear Reply,0.9858253598213196,Ambivalent
91,Ambivalent,Ambivalent,0.9997757077217102,Ambivalent,0.7774151563644409,Ambivalent,0.7774151563644409,Ambivalent,0.9998961687088012,Ambivalent,0.9998961687088012,Ambivalent,0.9760949611663818,Ambivalent,0.9190751910209656,Ambivalent,0.9999822378158568,Ambivalent
92,Ambivalent,Ambivalent,0.9971901774406432,Ambivalent,0.7758067846298218,Ambivalent,0.7758067846298218,Ambivalent,0.9998263716697692,Ambivalent,0.9998263716697692,Clear Reply,0.9839942455291748,Ambivalent,0.8917329907417297,Ambivalent,0.9998842477798462,Ambivalent
93,Clear Reply,Ambivalent,0.9147912859916688,Ambivalent,0.6148992776870728,Ambivalent,0.6148992776870728,Ambivalent,0.9996871948242188,Ambivalent,0.9996871948242188,Ambivalent,0.9995459914207458,Clear Reply,0.5094080567359924,Ambivalent,0.9993780851364136,Ambivalent
94,Clear Non-Reply,Clear Reply,0.9978176355361938,Clear Reply,0.8580117225646973,Clear Reply,0.8580117225646973,Clear Reply,0.9999939203262328,Clear Reply,0.9999939203262328,Clear Non-Reply,0.9979779124259948,Clear Reply,0.9685853719711304,Clear Reply,0.999997615814209,Clear Reply
95,Ambivalent,Ambivalent,0.848580539226532,Clear Non-Reply,0.8087557554244995,Clear Non-Reply,0.8087557554244995,Clear Non-Reply,0.903454065322876,Clear Non-Reply,0.903454065322876,Ambivalent,0.9967753291130066,Clear Non-Reply,0.9821236729621888,Ambivalent,0.9358782172203064,Clear Non-Reply
96,Ambivalent,Ambivalent,0.8685541749000549,Ambivalent,0.7513782382011414,Ambivalent,0.7513782382011414,Ambivalent,0.5126727819442749,Ambivalent,0.5126727819442749,Ambivalent,0.9969466328620912,Ambivalent,0.7929078340530396,Ambivalent,0.9952287673950196,Ambivalent
97,Clear Reply,Ambivalent,0.5906751751899719,Ambivalent,0.5217649936676025,Ambivalent,0.5217649936676025,Clear Reply,0.7526977062225342,Clear Reply,0.7526977062225342,Ambivalent,0.9992918968200684,Clear Reply,0.4935511648654938,Ambivalent,0.9690179228782654,Ambivalent
98,Ambivalent,Ambivalent,0.9603352546691896,Ambivalent,0.6030217409133911,Ambivalent,0.6030217409133911,Ambivalent,0.9876853227615356,Ambivalent,0.9876853227615356,Ambivalent,0.9998204112052916,Ambivalent,0.8580761551856995,Ambivalent,0.9999639987945556,Ambivalent
99,Ambivalent,Ambivalent,0.9997377991676332,Ambivalent,0.8029613494873047,Ambivalent,0.8029613494873047,Ambivalent,0.9999895095825196,Ambivalent,0.9999895095825196,Ambivalent,0.9878119826316832,Ambivalent,0.974497616291046,Ambivalent,0.9999890327453612,Ambivalent
100,Ambivalent,Ambivalent,0.9983447790145874,Ambivalent,0.5085549354553223,Ambivalent,0.5085549354553223,Ambivalent,0.9999648332595824,Ambivalent,0.9999648332595824,Ambivalent,0.9780715703964232,Clear Non-Reply,0.6312633752822876,Ambivalent,0.99998140335083,Ambivalent
101,Clear Reply,Ambivalent,0.998917818069458,Clear Reply,0.6144806146621704,Clear Reply,0.6144806146621704,Clear Reply,0.707184374332428,Clear Reply,0.707184374332428,Clear Reply,0.9546082019805908,Clear Reply,0.5254465341567993,Ambivalent,0.8875256180763245,Clear Reply
102,Clear Reply,Ambivalent,0.8769564032554626,Clear Reply,0.5415803790092468,Clear Reply,0.5415803790092468,Clear Reply,0.9952972531318665,Clear Reply,0.9952972531318665,Ambivalent,0.9994940757751464,Clear Reply,0.7764474749565125,Clear Reply,0.9981635212898254,Clear Reply
103,Ambivalent,Clear Reply,0.9989510774612428,Clear Reply,0.57423996925354,Clear Reply,0.57423996925354,Clear Reply,0.9869976043701172,Clear Reply,0.9869976043701172,Clear Reply,0.9976513981819152,Clear Reply,0.6977476477622986,Clear Reply,0.9973104000091552,Clear Reply
104,Ambivalent,Ambivalent,0.9995736479759216,Ambivalent,0.7176096439361572,Ambivalent,0.7176096439361572,Ambivalent,0.8983649015426636,Ambivalent,0.8983649015426636,Ambivalent,0.9983762502670288,Ambivalent,0.8784956336021423,Ambivalent,0.999962329864502,Ambivalent
105,Ambivalent,Ambivalent,0.9989873766899108,Ambivalent,0.821321964263916,Ambivalent,0.821321964263916,Ambivalent,0.999863862991333,Ambivalent,0.999863862991333,Ambivalent,0.976261019706726,Ambivalent,0.8796448111534119,Ambivalent,0.999952793121338,Ambivalent
106,Ambivalent,Ambivalent,0.9046142101287842,Clear Reply,0.5604187250137329,Clear Reply,0.5604187250137329,Ambivalent,0.9997265934944152,Ambivalent,0.9997265934944152,Ambivalent,0.9988327622413636,Ambivalent,0.9602162837982178,Ambivalent,0.9902843832969666,Ambivalent
107,Ambivalent,Clear Reply,0.9955020546913148,Ambivalent,0.7489699721336365,Ambivalent,0.7489699721336365,Clear Reply,0.9284404516220092,Clear Reply,0.9284404516220092,Ambivalent,0.9998719692230223,Ambivalent,0.8105833530426025,Clear Reply,0.8255436420440674,Ambivalent
108,Clear Non-Reply,Clear Non-Reply,0.8175354599952698,Clear Non-Reply,0.6765398383140564,Clear Non-Reply,0.6765398383140564,Clear Non-Reply,0.954951286315918,Clear Non-Reply,0.954951286315918,Clear Non-Reply,0.9932066202163696,Clear Non-Reply,0.9108465313911438,Clear Non-Reply,0.8882209062576294,Clear Non-Reply
109,Ambivalent,Ambivalent,0.8989843130111694,Ambivalent,0.7063814997673035,Ambivalent,0.7063814997673035,Ambivalent,0.9999873638153076,Ambivalent,0.9999873638153076,Ambivalent,0.998724639415741,Ambivalent,0.9749974608421326,Ambivalent,0.9999853372573853,Ambivalent
110,Ambivalent,Ambivalent,0.9998441934585572,Clear Reply,0.5324088335037231,Clear Reply,0.5324088335037231,Ambivalent,0.9995989203453064,Ambivalent,0.9995989203453064,Ambivalent,0.9997227787971495,Ambivalent,0.7499289512634277,Ambivalent,0.9991483688354492,Ambivalent
111,Ambivalent,Ambivalent,0.9649588465690612,Ambivalent,0.8197957277297974,Ambivalent,0.8197957277297974,Ambivalent,0.9999903440475464,Ambivalent,0.9999903440475464,Ambivalent,0.9238170385360718,Ambivalent,0.9591153264045716,Ambivalent,0.9999808073043824,Ambivalent
112,Ambivalent,Clear Non-Reply,0.9983178377151488,Ambivalent,0.814509391784668,Ambivalent,0.814509391784668,Clear Non-Reply,0.9985675811767578,Clear Non-Reply,0.9985675811767578,Ambivalent,0.9984995126724244,Clear Non-Reply,0.9938459992408752,Clear Non-Reply,0.9998910427093506,Clear Non-Reply
113,Clear Reply,Clear Reply,0.9078951478004456,Clear Reply,0.6172279715538025,Clear Reply,0.6172279715538025,Clear Reply,0.9831141233444214,Clear Reply,0.9831141233444214,Ambivalent,0.9987509250640868,Ambivalent,0.5625669360160828,Clear Reply,0.9525946974754332,Clear Reply
114,Ambivalent,Ambivalent,0.9932395219802856,Ambivalent,0.6508882641792297,Ambivalent,0.6508882641792297,Ambivalent,0.7810912728309631,Ambivalent,0.7810912728309631,Ambivalent,0.9998453855514526,Ambivalent,0.5768282413482666,Clear Reply,0.8441460728645325,Ambivalent
115,Ambivalent,Ambivalent,0.9992509484291076,Ambivalent,0.8681787848472595,Ambivalent,0.8681787848472595,Ambivalent,0.9999713897705078,Ambivalent,0.9999713897705078,Ambivalent,0.9997406601905824,Ambivalent,0.9655461311340332,Ambivalent,0.9983117580413818,Ambivalent
116,Ambivalent,Ambivalent,0.9996771812438964,Ambivalent,0.677246630191803,Ambivalent,0.677246630191803,Ambivalent,0.9792739152908324,Ambivalent,0.9792739152908324,Ambivalent,0.9990378618240356,Clear Reply,0.7888360619544983,Ambivalent,0.999921441078186,Ambivalent
117,Clear Reply,Clear Reply,0.997532606124878,Clear Reply,0.5709425806999207,Clear Reply,0.5709425806999207,Clear Reply,0.8186624050140381,Clear Reply,0.8186624050140381,Ambivalent,0.9546126127243042,Clear Reply,0.8996075987815857,Clear Reply,0.8809817433357239,Clear Reply
118,Ambivalent,Clear Reply,0.9953113198280334,Ambivalent,0.5950049757957458,Ambivalent,0.5950049757957458,Ambivalent,0.9999756813049316,Ambivalent,0.9999756813049316,Ambivalent,0.5161173343658447,Ambivalent,0.9565091133117676,Ambivalent,0.9999696016311646,Ambivalent
119,Ambivalent,Clear Reply,0.9931427240371704,Clear Reply,0.6554411053657532,Clear Reply,0.6554411053657532,Ambivalent,0.9055513143539428,Ambivalent,0.9055513143539428,Clear Reply,0.999746024608612,Clear Reply,0.8312245607376099,Ambivalent,0.8715620040893555,Clear Reply
120,Ambivalent,Ambivalent,0.9998241066932678,Ambivalent,0.8190939426422119,Ambivalent,0.8190939426422119,Ambivalent,0.9999223947525024,Ambivalent,0.9999223947525024,Ambivalent,0.999862790107727,Ambivalent,0.9665958881378174,Ambivalent,0.9999762773513794,Ambivalent
121,Clear Reply,Clear Reply,0.9987826943397522,Clear Reply,0.95388525724411,Clear Reply,0.95388525724411,Clear Reply,0.9999953508377076,Clear Reply,0.9999953508377076,Clear Reply,0.9998177886009216,Clear Reply,0.9893529415130616,Clear Reply,0.9999966621398926,Clear Reply
122,Clear Reply,Clear Reply,0.9987286925315856,Clear Reply,0.8650354743003845,Clear Reply,0.8650354743003845,Clear Reply,0.9998175501823424,Clear Reply,0.9998175501823424,Clear Reply,0.9994903802871704,Clear Reply,0.9637141227722168,Clear Reply,0.9998551607131958,Clear Reply
123,Ambivalent,Ambivalent,0.9503834247589112,Ambivalent,0.469883531332016,Ambivalent,0.469883531332016,Ambivalent,0.99585622549057,Ambivalent,0.99585622549057,Ambivalent,0.9309107661247252,Ambivalent,0.5705332159996033,Ambivalent,0.999810755252838,Ambivalent
124,Clear Reply,Clear Reply,0.9985587000846864,Clear Reply,0.6138880252838135,Clear Reply,0.6138880252838135,Clear Reply,0.999891757965088,Clear Reply,0.999891757965088,Clear Reply,0.8287832140922546,Clear Reply,0.6785880923271179,Clear Reply,0.999982476234436,Clear Reply
125,Clear Reply,Clear Reply,0.9908566474914552,Ambivalent,0.5229015946388245,Ambivalent,0.5229015946388245,Ambivalent,0.9937048554420472,Ambivalent,0.9937048554420472,Clear Reply,0.9989640712738036,Clear Reply,0.5788331627845764,Clear Reply,0.885771632194519,Clear Reply
126,Ambivalent,Ambivalent,0.9990007281303406,Ambivalent,0.8280153870582581,Ambivalent,0.8280153870582581,Ambivalent,0.8929387927055359,Ambivalent,0.8929387927055359,Ambivalent,0.9992951154708862,Ambivalent,0.9436646699905396,Ambivalent,0.9999927282333374,Ambivalent
127,Ambivalent,Ambivalent,0.998829185962677,Ambivalent,0.7444284558296204,Ambivalent,0.7444284558296204,Ambivalent,0.9999929666519164,Ambivalent,0.9999929666519164,Ambivalent,0.9995169639587402,Ambivalent,0.9654362797737122,Ambivalent,0.9999977350234984,Ambivalent
128,Ambivalent,Ambivalent,0.9998313188552856,Ambivalent,0.8564124703407288,Ambivalent,0.8564124703407288,Ambivalent,0.9999828338623048,Ambivalent,0.9999828338623048,Ambivalent,0.9999440908432008,Ambivalent,0.9711605310440063,Ambivalent,0.9999959468841552,Ambivalent
129,Ambivalent,Ambivalent,0.8291844725608826,Clear Non-Reply,0.6060540676116943,Clear Non-Reply,0.6060540676116943,Ambivalent,0.9711389541625975,Ambivalent,0.9711389541625975,Ambivalent,0.9979231953620912,Clear Non-Reply,0.8187129497528076,Clear Reply,0.5528921484947205,Ambivalent
130,Ambivalent,Ambivalent,0.99958473443985,Ambivalent,0.8807407021522522,Ambivalent,0.8807407021522522,Ambivalent,0.9999929666519164,Ambivalent,0.9999929666519164,Ambivalent,0.9999690055847168,Ambivalent,0.9134068489074708,Ambivalent,0.9999940395355223,Ambivalent
131,Ambivalent,Ambivalent,0.8841931223869324,Ambivalent,0.499520868062973,Ambivalent,0.499520868062973,Ambivalent,0.6364603042602539,Ambivalent,0.6364603042602539,Ambivalent,0.9838691353797911,Clear Non-Reply,0.9797837734222412,Clear Non-Reply,0.9990191459655762,Ambivalent
132,Ambivalent,Ambivalent,0.8797663450241089,Ambivalent,0.6447480916976929,Ambivalent,0.6447480916976929,Ambivalent,0.9987618923187256,Ambivalent,0.9987618923187256,Clear Reply,0.8530587553977966,Clear Reply,0.8361782431602478,Ambivalent,0.999990940093994,Ambivalent
133,Clear Reply,Clear Reply,0.9990206956863404,Clear Reply,0.6994128227233887,Clear Reply,0.6994128227233887,Clear Reply,0.9873694777488708,Clear Reply,0.9873694777488708,Clear Reply,0.9994896650314332,Clear Reply,0.8270840048789978,Clear Reply,0.9998568296432496,Clear Reply
134,Ambivalent,Ambivalent,0.9997407793998718,Ambivalent,0.7550298571586609,Ambivalent,0.7550298571586609,Ambivalent,0.9999850988388062,Ambivalent,0.9999850988388062,Ambivalent,0.9990854263305664,Ambivalent,0.9684761166572572,Ambivalent,0.9999862909317015,Ambivalent
135,Ambivalent,Clear Reply,0.9991208910942078,Ambivalent,0.5155400633811951,Ambivalent,0.5155400633811951,Clear Reply,0.661431610584259,Clear Reply,0.661431610584259,Clear Reply,0.9994117021560668,Clear Reply,0.862119197845459,Clear Reply,0.9983627200126648,Clear Reply
136,Ambivalent,Ambivalent,0.9990553259849548,Ambivalent,0.6929640173912048,Ambivalent,0.6929640173912048,Clear Reply,0.9807695150375366,Clear Reply,0.9807695150375366,Clear Reply,0.9994120597839355,Ambivalent,0.8652009963989258,Ambivalent,0.681357741355896,Ambivalent
137,Ambivalent,Ambivalent,0.999152660369873,Ambivalent,0.7764110565185547,Ambivalent,0.7764110565185547,Ambivalent,0.9998483657836914,Ambivalent,0.9998483657836914,Ambivalent,0.9996387958526612,Ambivalent,0.8225590586662292,Ambivalent,0.9999392032623292,Ambivalent
138,Ambivalent,Clear Reply,0.9967194199562072,Clear Reply,0.9159824848175048,Clear Reply,0.9159824848175048,Clear Reply,0.959761381149292,Clear Reply,0.959761381149292,Ambivalent,0.9999090433120728,Clear Reply,0.9649280905723572,Clear Reply,0.7762459516525269,Clear Reply
139,Clear Reply,Clear Non-Reply,0.8422830104827881,Clear Non-Reply,0.6947466731071472,Clear Non-Reply,0.6947466731071472,Ambivalent,0.9904794096946716,Ambivalent,0.9904794096946716,Ambivalent,0.9994891881942748,Ambivalent,0.5799188613891602,Ambivalent,0.997610330581665,Ambivalent
140,Ambivalent,Clear Reply,0.9984958171844482,Clear Reply,0.8843110203742981,Clear Reply,0.8843110203742981,Clear Reply,0.999993085861206,Clear Reply,0.999993085861206,Clear Reply,0.999750554561615,Clear Reply,0.9777966141700744,Clear Reply,0.9999955892562866,Clear Reply
141,Clear Reply,Clear Reply,0.9972121119499208,Clear Reply,0.8425178527832031,Clear Reply,0.8425178527832031,Clear Reply,0.8735807538032532,Clear Reply,0.8735807538032532,Clear Reply,0.9996763467788696,Clear Reply,0.9251328706741332,Clear Reply,0.9998769760131836,Clear Reply
142,Ambivalent,Ambivalent,0.9995457530021667,Ambivalent,0.6866137385368347,Ambivalent,0.6866137385368347,Ambivalent,0.9992130994796752,Ambivalent,0.9992130994796752,Ambivalent,0.5918737649917603,Ambivalent,0.8898720145225525,Ambivalent,0.9987686276435852,Ambivalent
143,Ambivalent,Ambivalent,0.9960079193115234,Ambivalent,0.7634369730949402,Ambivalent,0.7634369730949402,Ambivalent,0.9999455213546752,Ambivalent,0.9999455213546752,Ambivalent,0.9998937845230104,Ambivalent,0.939151167869568,Ambivalent,0.989250659942627,Ambivalent
144,Clear Reply,Ambivalent,0.7671500444412231,Clear Reply,0.6125572919845581,Clear Reply,0.6125572919845581,Ambivalent,0.9483391642570496,Ambivalent,0.9483391642570496,Ambivalent,0.9995850920677184,Clear Reply,0.4677250683307647,Clear Reply,0.9995490908622742,Ambivalent
145,Clear Reply,Clear Non-Reply,0.8205791115760803,Clear Reply,0.4331682324409485,Clear Reply,0.4331682324409485,Clear Non-Reply,0.9260130524635316,Clear Non-Reply,0.9260130524635316,Ambivalent,0.9991682767868042,Clear Non-Reply,0.9953965544700624,Clear Non-Reply,0.7335596084594727,Clear Non-Reply
146,Clear Reply,Clear Reply,0.9992340803146362,Clear Reply,0.7768006920814514,Clear Reply,0.7768006920814514,Ambivalent,0.8281058669090271,Ambivalent,0.8281058669090271,Clear Reply,0.9993826150894164,Clear Reply,0.9516966938972472,Clear Reply,0.9996250867843628,Clear Reply
147,Clear Reply,Clear Reply,0.9972617626190186,Clear Reply,0.8836352825164795,Clear Reply,0.8836352825164795,Clear Reply,0.999697208404541,Clear Reply,0.999697208404541,Clear Reply,0.9997827410697936,Clear Reply,0.9690389633178712,Clear Reply,0.9993508458137512,Clear Reply
148,Ambivalent,Ambivalent,0.9993342757225036,Ambivalent,0.5651395916938782,Ambivalent,0.5651395916938782,Ambivalent,0.999930500984192,Ambivalent,0.999930500984192,Clear Reply,0.9958048462867736,Ambivalent,0.9241966605186462,Ambivalent,0.5270304679870605,Ambivalent
149,Ambivalent,Clear Reply,0.99099999666214,Clear Reply,0.7769776582717896,Clear Reply,0.7769776582717896,Clear Reply,0.9657385945320128,Clear Reply,0.9657385945320128,Clear Reply,0.8898981213569641,Clear Reply,0.9095739722251892,Clear Reply,0.9996577501296996,Clear Reply
150,Clear Reply,Clear Reply,0.9982611536979676,Clear Reply,0.865639328956604,Clear Reply,0.865639328956604,Clear Reply,0.9851850271224976,Clear Reply,0.9851850271224976,Clear Reply,0.9988756775856018,Clear Reply,0.9875031113624572,Clear Reply,0.9765902161598206,Clear Reply
151,Ambivalent,Ambivalent,0.9998052716255188,Ambivalent,0.8168617486953735,Ambivalent,0.8168617486953735,Ambivalent,0.9999573230743408,Ambivalent,0.9999573230743408,Ambivalent,0.999755561351776,Ambivalent,0.9453831911087036,Ambivalent,0.9997921586036682,Ambivalent
152,Ambivalent,Ambivalent,0.9974965453147888,Ambivalent,0.7000874280929565,Ambivalent,0.7000874280929565,Ambivalent,0.9995682835578918,Ambivalent,0.9995682835578918,Ambivalent,0.996747612953186,Ambivalent,0.8543965220451355,Ambivalent,0.9940581321716307,Ambivalent
153,Ambivalent,Ambivalent,0.9997888207435608,Ambivalent,0.862654983997345,Ambivalent,0.862654983997345,Ambivalent,0.9998819828033448,Ambivalent,0.9998819828033448,Ambivalent,0.9985122084617616,Ambivalent,0.9084084630012512,Ambivalent,0.9999951124191284,Ambivalent
154,Clear Reply,Clear Reply,0.9759284853935242,Clear Reply,0.643796980381012,Clear Reply,0.643796980381012,Clear Reply,0.988556981086731,Clear Reply,0.988556981086731,Clear Reply,0.5655991435050964,Clear Reply,0.8498696684837341,Clear Reply,0.9996157884597778,Clear Reply
155,Ambivalent,Ambivalent,0.7591363787651062,Ambivalent,0.5800419449806213,Ambivalent,0.5800419449806213,Ambivalent,0.99788898229599,Ambivalent,0.99788898229599,Clear Reply,0.9895814657211304,Ambivalent,0.6488851308822632,Ambivalent,0.9999510049819946,Ambivalent
156,Ambivalent,Ambivalent,0.5771538615226746,Ambivalent,0.8909497261047363,Ambivalent,0.8909497261047363,Ambivalent,0.998955249786377,Ambivalent,0.998955249786377,Ambivalent,0.9997350573539734,Clear Non-Reply,0.6675625443458557,Ambivalent,0.9392129778862,Ambivalent
157,Ambivalent,Ambivalent,0.9805793166160583,Clear Non-Reply,0.6817996501922607,Clear Non-Reply,0.6817996501922607,Ambivalent,0.9569989442825316,Ambivalent,0.9569989442825316,Ambivalent,0.9992602467536926,Clear Non-Reply,0.9925723671913148,Clear Non-Reply,0.6418705582618713,Ambivalent
158,Clear Reply,Clear Reply,0.9986514449119568,Clear Reply,0.7392347455024719,Clear Reply,0.7392347455024719,Ambivalent,0.9910418391227722,Ambivalent,0.9910418391227722,Clear Reply,0.9931197166442872,Clear Reply,0.7518293261528015,Clear Reply,0.9573571085929872,Clear Reply
159,Ambivalent,Ambivalent,0.9992828965187072,Ambivalent,0.6094232201576233,Ambivalent,0.6094232201576233,Ambivalent,0.999766170978546,Ambivalent,0.999766170978546,Ambivalent,0.999729335308075,Ambivalent,0.8220247626304626,Ambivalent,0.99994957447052,Ambivalent
160,Ambivalent,Clear Reply,0.9951606392860411,Ambivalent,0.5219967365264893,Ambivalent,0.5219967365264893,Clear Reply,0.9998210072517396,Clear Reply,0.9998210072517396,Clear Reply,0.9979460835456848,Ambivalent,0.5073622465133667,Clear Reply,0.9999561309814452,Clear Reply
161,Ambivalent,Ambivalent,0.991071879863739,Ambivalent,0.5599387288093567,Ambivalent,0.5599387288093567,Ambivalent,0.9979865550994872,Ambivalent,0.9979865550994872,Ambivalent,0.7964307069778442,Ambivalent,0.7914000153541565,Ambivalent,0.9970194697380066,Ambivalent
162,Ambivalent,Ambivalent,0.9990360736846924,Ambivalent,0.6157280206680298,Ambivalent,0.6157280206680298,Ambivalent,0.9999847412109376,Ambivalent,0.9999847412109376,Clear Non-Reply,0.971114695072174,Clear Reply,0.8118370175361633,Ambivalent,0.9999617338180542,Ambivalent
163,Clear Reply,Ambivalent,0.9997196793556212,Ambivalent,0.8058921694755554,Ambivalent,0.8058921694755554,Ambivalent,0.9998828172683716,Ambivalent,0.9998828172683716,Ambivalent,0.9998314380645752,Clear Reply,0.6323596239089966,Ambivalent,0.9220635890960692,Ambivalent
164,Clear Reply,Clear Reply,0.9986780285835266,Clear Reply,0.9494431018829346,Clear Reply,0.9494431018829346,Clear Reply,0.9999960660934448,Clear Reply,0.9999960660934448,Clear Reply,0.999795138835907,Clear Reply,0.991535186767578,Clear Reply,0.9999991655349731,Clear Reply
165,Clear Reply,Ambivalent,0.9497424960136414,Ambivalent,0.5322362780570984,Ambivalent,0.5322362780570984,Ambivalent,0.9999395608901978,Ambivalent,0.9999395608901978,Clear Reply,0.9951933026313782,Clear Reply,0.68314528465271,Ambivalent,0.9999903440475464,Ambivalent
166,Ambivalent,Ambivalent,0.9995998740196228,Ambivalent,0.5733563899993896,Ambivalent,0.5733563899993896,Ambivalent,0.9999568462371826,Ambivalent,0.9999568462371826,Ambivalent,0.9998213648796082,Ambivalent,0.9432173371315002,Ambivalent,0.999958634376526,Ambivalent
167,Ambivalent,Ambivalent,0.9074397683143616,Ambivalent,0.8587723970413208,Ambivalent,0.8587723970413208,Clear Non-Reply,0.8895063400268555,Clear Non-Reply,0.8895063400268555,Clear Reply,0.9806504845619202,Clear Non-Reply,0.984959065914154,Clear Non-Reply,0.9641854166984558,Clear Non-Reply
168,Ambivalent,Ambivalent,0.9996610879898072,Ambivalent,0.9183685779571532,Ambivalent,0.9183685779571532,Ambivalent,0.9996517896652222,Ambivalent,0.9996517896652222,Ambivalent,0.9999001026153564,Ambivalent,0.5882001519203186,Ambivalent,0.9996542930603028,Ambivalent
169,Ambivalent,Clear Reply,0.9760913252830504,Clear Reply,0.6147721409797668,Clear Reply,0.6147721409797668,Clear Reply,0.9999914169311525,Clear Reply,0.9999914169311525,Clear Reply,0.9228521585464478,Clear Reply,0.9498454928398132,Clear Reply,0.999970555305481,Clear Reply
170,Ambivalent,Ambivalent,0.7065640687942505,Ambivalent,0.7270904779434204,Ambivalent,0.7270904779434204,Clear Reply,0.8802904486656189,Clear Reply,0.8802904486656189,Ambivalent,0.961595892906189,Ambivalent,0.6237898468971252,Ambivalent,0.8736463189125061,Ambivalent
171,Clear Reply,Clear Reply,0.991169571876526,Ambivalent,0.5148687362670898,Ambivalent,0.5148687362670898,Clear Reply,0.7257416844367981,Clear Reply,0.7257416844367981,Ambivalent,0.996742069721222,Clear Reply,0.7861711382865906,Clear Reply,0.9998692274093628,Clear Reply
172,Ambivalent,Ambivalent,0.9910590052604676,Ambivalent,0.4483632743358612,Ambivalent,0.4483632743358612,Ambivalent,0.899580717086792,Ambivalent,0.899580717086792,Ambivalent,0.9870556592941284,Ambivalent,0.4801253378391266,Ambivalent,0.9992289543151855,Ambivalent
173,Ambivalent,Ambivalent,0.9997244477272034,Ambivalent,0.7325615286827087,Ambivalent,0.7325615286827087,Ambivalent,0.9990352392196656,Ambivalent,0.9990352392196656,Ambivalent,0.9982594847679138,Ambivalent,0.8043517470359802,Ambivalent,0.9999816417694092,Ambivalent
174,Clear Reply,Clear Reply,0.9502853751182556,Ambivalent,0.6008204817771912,Ambivalent,0.6008204817771912,Ambivalent,0.8250854015350342,Ambivalent,0.8250854015350342,Clear Reply,0.9528806805610656,Clear Reply,0.5807658433914185,Ambivalent,0.6864445209503174,Ambivalent
175,Ambivalent,Clear Reply,0.9867146611213684,Ambivalent,0.4791217446327209,Ambivalent,0.4791217446327209,Ambivalent,0.986976444721222,Ambivalent,0.986976444721222,Clear Reply,0.9982611536979676,Ambivalent,0.7225738763809204,Ambivalent,0.9967467784881592,Ambivalent
176,Ambivalent,Ambivalent,0.9980103373527528,Ambivalent,0.6708806753158569,Ambivalent,0.6708806753158569,Ambivalent,0.9993218183517456,Ambivalent,0.9993218183517456,Ambivalent,0.9996894598007202,Ambivalent,0.8107694983482361,Ambivalent,0.9918335676193236,Ambivalent
177,Ambivalent,Ambivalent,0.999836564064026,Ambivalent,0.8771658539772034,Ambivalent,0.8771658539772034,Ambivalent,0.999992609024048,Ambivalent,0.999992609024048,Ambivalent,0.9998672008514404,Ambivalent,0.9460951089859008,Ambivalent,0.9999927282333374,Ambivalent
178,Ambivalent,Clear Reply,0.9901638627052308,Ambivalent,0.6579245924949646,Ambivalent,0.6579245924949646,Ambivalent,0.9979574680328368,Ambivalent,0.9979574680328368,Ambivalent,0.9822403788566588,Ambivalent,0.7290207147598267,Ambivalent,0.9928885102272034,Ambivalent
179,Ambivalent,Ambivalent,0.8834837079048157,Clear Non-Reply,0.6424804925918579,Clear Non-Reply,0.6424804925918579,Ambivalent,0.9945622086524964,Ambivalent,0.9945622086524964,Ambivalent,0.7120372653007507,Clear Non-Reply,0.6975871324539185,Ambivalent,0.9919092059135436,Ambivalent
180,Ambivalent,Ambivalent,0.98188453912735,Ambivalent,0.5659428238868713,Ambivalent,0.5659428238868713,Ambivalent,0.9997138381004332,Ambivalent,0.9997138381004332,Ambivalent,0.9998664855957032,Ambivalent,0.7680830955505371,Ambivalent,0.9999295473098756,Ambivalent
181,Ambivalent,Ambivalent,0.9745563864707948,Ambivalent,0.5740252137184143,Ambivalent,0.5740252137184143,Clear Non-Reply,0.7767435312271118,Clear Non-Reply,0.7767435312271118,Ambivalent,0.9989113807678224,Clear Non-Reply,0.9750372171401978,Ambivalent,0.9047666192054749,Ambivalent
182,Ambivalent,Ambivalent,0.9985315799713136,Ambivalent,0.5976834297180176,Ambivalent,0.5976834297180176,Ambivalent,0.9999866485595704,Ambivalent,0.9999866485595704,Ambivalent,0.9988700747489928,Ambivalent,0.8565004467964172,Ambivalent,0.9999938011169434,Ambivalent
183,Clear Non-Reply,Clear Non-Reply,0.9928526282310486,Clear Non-Reply,0.5997030735015869,Clear Non-Reply,0.5997030735015869,Clear Non-Reply,0.9942113757133484,Clear Non-Reply,0.9942113757133484,Clear Non-Reply,0.9945868253707886,Clear Non-Reply,0.9927950501441956,Clear Non-Reply,0.9998539686203004,Clear Non-Reply
184,Clear Reply,Clear Reply,0.9989433884620668,Clear Reply,0.9570737481117249,Clear Reply,0.9570737481117249,Clear Reply,0.99992573261261,Clear Reply,0.99992573261261,Clear Reply,0.9997954964637756,Clear Reply,0.9830044507980348,Clear Reply,0.9999759197235109,Clear Reply
185,Ambivalent,Ambivalent,0.9828739762306212,Ambivalent,0.4713953137397766,Ambivalent,0.4713953137397766,Ambivalent,0.8588597178459167,Ambivalent,0.8588597178459167,Ambivalent,0.9973241090774536,Ambivalent,0.9518634676933287,Clear Non-Reply,0.8723210096359253,Ambivalent
186,Clear Non-Reply,Clear Non-Reply,0.997747838497162,Clear Non-Reply,0.994490385055542,Clear Non-Reply,0.994490385055542,Clear Non-Reply,0.9999397993087769,Clear Non-Reply,0.9999397993087769,Clear Non-Reply,0.9999698400497437,Clear Non-Reply,0.9979658126831056,Clear Non-Reply,0.9999754428863524,Clear Non-Reply
187,Ambivalent,Clear Reply,0.7011905312538147,Ambivalent,0.7412237524986267,Ambivalent,0.7412237524986267,Ambivalent,0.8864372968673706,Ambivalent,0.8864372968673706,Ambivalent,0.9909017086029052,Ambivalent,0.7299727201461792,Ambivalent,0.9150823950767516,Ambivalent
188,Clear Non-Reply,Ambivalent,0.9961987137794496,Ambivalent,0.7673435211181641,Ambivalent,0.7673435211181641,Clear Non-Reply,0.5352069735527039,Clear Non-Reply,0.5352069735527039,Ambivalent,0.9998600482940674,Clear Non-Reply,0.9107563495635986,Ambivalent,0.9312593340873718,Ambivalent
189,Ambivalent,Ambivalent,0.9999256134033204,Ambivalent,0.6692987680435181,Ambivalent,0.6692987680435181,Ambivalent,0.9999804496765136,Ambivalent,0.9999804496765136,Ambivalent,0.9931097030639648,Ambivalent,0.8091626167297363,Ambivalent,0.999996542930603,Ambivalent
190,Ambivalent,Ambivalent,0.9998239874839784,Ambivalent,0.8626453280448914,Ambivalent,0.8626453280448914,Ambivalent,0.9999747276306152,Ambivalent,0.9999747276306152,Ambivalent,0.9750080108642578,Ambivalent,0.6509112119674683,Ambivalent,0.9990538954734802,Ambivalent
191,Clear Reply,Ambivalent,0.999652624130249,Ambivalent,0.8056972026824951,Ambivalent,0.8056972026824951,Ambivalent,0.967889130115509,Ambivalent,0.967889130115509,Ambivalent,0.997231423854828,Ambivalent,0.9525710940361024,Ambivalent,0.9999972581863404,Ambivalent
192,Ambivalent,Ambivalent,0.9968896508216858,Ambivalent,0.8189175128936768,Ambivalent,0.8189175128936768,Ambivalent,0.631410539150238,Ambivalent,0.631410539150238,Ambivalent,0.9726536870002748,Ambivalent,0.917494297027588,Ambivalent,0.9999682903289796,Ambivalent
193,Clear Reply,Ambivalent,0.9993972778320312,Clear Reply,0.5579522848129272,Clear Reply,0.5579522848129272,Clear Reply,0.9245923161506652,Clear Reply,0.9245923161506652,Clear Reply,0.958061456680298,Clear Reply,0.5830070376396179,Ambivalent,0.5867718458175659,Clear Reply
194,Ambivalent,Ambivalent,0.9998148083686828,Ambivalent,0.8562471270561218,Ambivalent,0.8562471270561218,Ambivalent,0.9999502897262572,Ambivalent,0.9999502897262572,Ambivalent,0.999733030796051,Ambivalent,0.9593080878257751,Ambivalent,0.9999772310256958,Ambivalent
195,Ambivalent,Ambivalent,0.9960522055625916,Ambivalent,0.5934957265853882,Ambivalent,0.5934957265853882,Clear Reply,0.999241590499878,Clear Reply,0.999241590499878,Clear Reply,0.9962794184684752,Ambivalent,0.707030177116394,Clear Reply,0.9999064207077026,Clear Reply
196,Ambivalent,Clear Reply,0.9975207448005676,Clear Reply,0.7884020209312439,Clear Reply,0.7884020209312439,Clear Reply,0.9999839067459106,Clear Reply,0.9999839067459106,Clear Reply,0.9979522228240968,Clear Reply,0.9809912443161012,Clear Reply,0.999996542930603,Clear Reply
197,Ambivalent,Ambivalent,0.939497411251068,Ambivalent,0.5590213537216187,Ambivalent,0.5590213537216187,Ambivalent,0.9975761771202089,Ambivalent,0.9975761771202089,Ambivalent,0.999784529209137,Ambivalent,0.5856038928031921,Ambivalent,0.998884618282318,Ambivalent
198,Clear Reply,Ambivalent,0.9925393462181092,Ambivalent,0.716139554977417,Ambivalent,0.716139554977417,Ambivalent,0.9992470741271972,Ambivalent,0.9992470741271972,Clear Reply,0.9984537363052368,Ambivalent,0.8096688389778137,Ambivalent,0.9325469732284546,Ambivalent
199,Ambivalent,Ambivalent,0.9996088147163392,Ambivalent,0.8532299399375916,Ambivalent,0.8532299399375916,Ambivalent,0.9999881982803344,Ambivalent,0.9999881982803344,Ambivalent,0.9995042085647584,Ambivalent,0.9515295028686525,Ambivalent,0.999990940093994,Ambivalent
200,Ambivalent,Clear Reply,0.969588339328766,Ambivalent,0.5627477169036865,Ambivalent,0.5627477169036865,Clear Reply,0.9999758005142212,Clear Reply,0.9999758005142212,Ambivalent,0.6381485462188721,Clear Reply,0.928133487701416,Clear Reply,0.9999176263809204,Clear Reply
201,Ambivalent,Clear Reply,0.7172839045524597,Clear Reply,0.5003063678741455,Clear Reply,0.5003063678741455,Ambivalent,0.8637621402740479,Ambivalent,0.8637621402740479,Clear Reply,0.9995800852775574,Ambivalent,0.5047632455825806,Ambivalent,0.7026264071464539,Clear Reply
202,Ambivalent,Ambivalent,0.9969017505645752,Ambivalent,0.6295199990272522,Ambivalent,0.6295199990272522,Ambivalent,0.9996098875999452,Ambivalent,0.9996098875999452,Ambivalent,0.9320985078811646,Ambivalent,0.7416013479232788,Ambivalent,0.999924659729004,Ambivalent
203,Ambivalent,Ambivalent,0.9983547329902648,Ambivalent,0.8509954214096069,Ambivalent,0.8509954214096069,Ambivalent,0.999294638633728,Ambivalent,0.999294638633728,Ambivalent,0.9972803592681884,Ambivalent,0.961161494255066,Ambivalent,0.9998475313186646,Ambivalent
204,Ambivalent,Ambivalent,0.8909891247749329,Ambivalent,0.5845101475715637,Ambivalent,0.5845101475715637,Ambivalent,0.9999828338623048,Ambivalent,0.9999828338623048,Ambivalent,0.6732317209243774,Ambivalent,0.949023425579071,Ambivalent,0.9999954700469972,Ambivalent
205,Ambivalent,Clear Reply,0.973656415939331,Ambivalent,0.5717037320137024,Ambivalent,0.5717037320137024,Ambivalent,0.99980229139328,Ambivalent,0.99980229139328,Ambivalent,0.9996824264526368,Ambivalent,0.5366350412368774,Ambivalent,0.9749558568000792,Ambivalent
206,Ambivalent,Ambivalent,0.9997816681861876,Ambivalent,0.8451730608940125,Ambivalent,0.8451730608940125,Ambivalent,0.9998756647109984,Ambivalent,0.9998756647109984,Ambivalent,0.9968734383583068,Ambivalent,0.9496087431907654,Ambivalent,0.9999775886535645,Ambivalent
207,Ambivalent,Ambivalent,0.9932072758674622,Ambivalent,0.718414843082428,Ambivalent,0.718414843082428,Ambivalent,0.9999680519104004,Ambivalent,0.9999680519104004,Ambivalent,0.9992851614952089,Ambivalent,0.9489527940750122,Ambivalent,0.9999954700469972,Ambivalent
208,Ambivalent,Ambivalent,0.9968440532684326,Ambivalent,0.8486707806587219,Ambivalent,0.8486707806587219,Ambivalent,0.998866081237793,Ambivalent,0.998866081237793,Ambivalent,0.9951818585395812,Ambivalent,0.8819504380226135,Ambivalent,0.999987006187439,Ambivalent
209,Ambivalent,Clear Reply,0.9943201541900636,Clear Reply,0.9144464731216432,Clear Reply,0.9144464731216432,Clear Reply,0.9536747336387634,Clear Reply,0.9536747336387634,Clear Reply,0.921644687652588,Clear Reply,0.9663183689117432,Clear Reply,0.9972719550132751,Clear Reply
210,Ambivalent,Clear Reply,0.9729943871498108,Clear Reply,0.6305627822875977,Clear Reply,0.6305627822875977,Ambivalent,0.5081956386566162,Ambivalent,0.5081956386566162,Ambivalent,0.9707483053207396,Ambivalent,0.8189343810081482,Clear Reply,0.8823266625404358,Clear Reply
211,Ambivalent,Ambivalent,0.9966333508491516,Ambivalent,0.8368326425552368,Ambivalent,0.8368326425552368,Ambivalent,0.877990186214447,Ambivalent,0.877990186214447,Ambivalent,0.9948670864105223,Ambivalent,0.9288217425346376,Ambivalent,0.9995296001434326,Ambivalent
212,Ambivalent,Ambivalent,0.5006615519523621,Clear Reply,0.6158539652824402,Clear Reply,0.6158539652824402,Clear Reply,0.9312175512313844,Clear Reply,0.9312175512313844,Clear Reply,0.9996169805526732,Clear Reply,0.8959263563156128,Clear Reply,0.997635006904602,Clear Reply
213,Ambivalent,Clear Reply,0.735074520111084,Ambivalent,0.5708897709846497,Ambivalent,0.5708897709846497,Clear Reply,0.6303342580795288,Clear Reply,0.6303342580795288,Clear Reply,0.9996252059936525,Clear Reply,0.7807530760765076,Clear Reply,0.9995762705802916,Clear Reply
214,Ambivalent,Ambivalent,0.6609346866607666,Ambivalent,0.5635375380516052,Ambivalent,0.5635375380516052,Clear Reply,0.9987247586250304,Clear Reply,0.9987247586250304,Ambivalent,0.9680801630020142,Clear Reply,0.7837841510772705,Clear Reply,0.999996304512024,Clear Reply
215,Ambivalent,Ambivalent,0.9993921518325806,Ambivalent,0.7755194902420044,Ambivalent,0.7755194902420044,Ambivalent,0.9999815225601196,Ambivalent,0.9999815225601196,Ambivalent,0.9996393918991088,Ambivalent,0.9730817675590516,Ambivalent,0.9997351765632628,Ambivalent
216,Ambivalent,Clear Reply,0.9979562759399414,Clear Reply,0.6731433272361755,Clear Reply,0.6731433272361755,Clear Reply,0.9677406549453736,Clear Reply,0.9677406549453736,Ambivalent,0.9993934631347656,Clear Reply,0.5546705722808838,Clear Reply,0.9566428661346436,Clear Reply
217,Ambivalent,Ambivalent,0.9882792234420776,Ambivalent,0.6588773727416992,Ambivalent,0.6588773727416992,Ambivalent,0.999975323677063,Ambivalent,0.999975323677063,Ambivalent,0.9965248703956604,Ambivalent,0.9657824039459229,Ambivalent,0.999996304512024,Ambivalent
218,Ambivalent,Ambivalent,0.88246750831604,Ambivalent,0.695170521736145,Ambivalent,0.695170521736145,Ambivalent,0.999160647392273,Ambivalent,0.999160647392273,Ambivalent,0.685797393321991,Ambivalent,0.810696005821228,Ambivalent,0.998187243938446,Ambivalent
219,Clear Reply,Ambivalent,0.9982703924179076,Clear Reply,0.5506775975227356,Clear Reply,0.5506775975227356,Clear Reply,0.7225750088691711,Clear Reply,0.7225750088691711,Ambivalent,0.999164342880249,Clear Reply,0.5067256689071655,Clear Reply,0.5062505602836609,Clear Reply
220,Ambivalent,Ambivalent,0.9972848892211914,Ambivalent,0.7215739488601685,Ambivalent,0.7215739488601685,Ambivalent,0.9440379738807678,Ambivalent,0.9440379738807678,Ambivalent,0.9997768998146056,Ambivalent,0.9107404351234436,Ambivalent,0.998500108718872,Ambivalent
221,Clear Reply,Ambivalent,0.9772965312004088,Clear Reply,0.6385628581047058,Clear Reply,0.6385628581047058,Ambivalent,0.9155356287956238,Ambivalent,0.9155356287956238,Ambivalent,0.9913386106491088,Ambivalent,0.7037256360054016,Ambivalent,0.8339917659759521,Ambivalent
222,Ambivalent,Ambivalent,0.999206244945526,Ambivalent,0.5962544679641724,Ambivalent,0.5962544679641724,Ambivalent,0.9985278844833374,Ambivalent,0.9985278844833374,Ambivalent,0.9988359808921814,Ambivalent,0.7645379304885864,Ambivalent,0.8533202409744263,Ambivalent
223,Clear Reply,Ambivalent,0.9994148015975952,Ambivalent,0.7689915895462036,Ambivalent,0.7689915895462036,Clear Reply,0.9981769323349,Clear Reply,0.9981769323349,Ambivalent,0.6568289995193481,Clear Reply,0.7981295585632324,Clear Reply,0.671319305896759,Ambivalent
224,Clear Reply,Clear Reply,0.9572820663452148,Clear Reply,0.8209324479103088,Clear Reply,0.8209324479103088,Clear Reply,0.911283016204834,Clear Reply,0.911283016204834,Clear Reply,0.999091625213623,Clear Reply,0.9478958249092102,Clear Reply,0.9979777932167052,Clear Reply
225,Ambivalent,Clear Reply,0.6570655703544617,Ambivalent,0.5763567090034485,Ambivalent,0.5763567090034485,Ambivalent,0.953890025615692,Ambivalent,0.953890025615692,Ambivalent,0.9986830353736876,Ambivalent,0.9214120507240297,Ambivalent,0.9998729228973388,Ambivalent
226,Ambivalent,Clear Non-Reply,0.8785103559494019,Clear Non-Reply,0.7679820656776428,Clear Non-Reply,0.7679820656776428,Clear Non-Reply,0.9999637603759766,Clear Non-Reply,0.9999637603759766,Ambivalent,0.9996981620788574,Clear Non-Reply,0.9830805659294128,Clear Non-Reply,0.999986171722412,Clear Non-Reply
227,Ambivalent,Ambivalent,0.9991006851196288,Ambivalent,0.799468994140625,Ambivalent,0.799468994140625,Ambivalent,0.9999356269836426,Ambivalent,0.9999356269836426,Ambivalent,0.9974919557571412,Ambivalent,0.9554717540740968,Ambivalent,0.99994158744812,Ambivalent
228,Ambivalent,Ambivalent,0.8475207090377808,Clear Non-Reply,0.5293304920196533,Clear Non-Reply,0.5293304920196533,Ambivalent,0.9996129870414734,Ambivalent,0.9996129870414734,Ambivalent,0.9964550733566284,Ambivalent,0.7314760684967041,Ambivalent,0.9999327659606934,Ambivalent
229,Clear Reply,Clear Reply,0.9486231207847596,Clear Reply,0.7829789519309998,Clear Reply,0.7829789519309998,Clear Reply,0.9997056126594543,Clear Reply,0.9997056126594543,Clear Reply,0.9997228980064392,Clear Reply,0.960660994052887,Clear Reply,0.9991112351417542,Clear Reply
230,Ambivalent,Ambivalent,0.997261881828308,Clear Reply,0.5988022685050964,Clear Reply,0.5988022685050964,Clear Reply,0.9987426400184632,Clear Reply,0.9987426400184632,Ambivalent,0.8032222390174866,Clear Reply,0.8373995423316956,Clear Reply,0.9998522996902466,Clear Reply
231,Ambivalent,Ambivalent,0.9997314810752868,Ambivalent,0.7617245316505432,Ambivalent,0.7617245316505432,Ambivalent,0.9999626874923706,Ambivalent,0.9999626874923706,Ambivalent,0.9959255456924438,Ambivalent,0.830328106880188,Ambivalent,0.9998290538787842,Ambivalent
232,Ambivalent,Ambivalent,0.9998972415924072,Ambivalent,0.8137137293815613,Ambivalent,0.8137137293815613,Ambivalent,0.9999951124191284,Ambivalent,0.9999951124191284,Ambivalent,0.9998829364776612,Ambivalent,0.8746632933616638,Ambivalent,0.9999982118606568,Ambivalent
233,Ambivalent,Ambivalent,0.567322850227356,Ambivalent,0.5555786490440369,Ambivalent,0.5555786490440369,Ambivalent,0.9998078942298888,Ambivalent,0.9998078942298888,Ambivalent,0.5900481939315796,Ambivalent,0.5843979120254517,Ambivalent,0.9999879598617554,Ambivalent
234,Ambivalent,Clear Reply,0.9297151565551758,Clear Reply,0.6662697792053223,Clear Reply,0.6662697792053223,Ambivalent,0.999853253364563,Ambivalent,0.999853253364563,Clear Reply,0.9959887862205504,Clear Reply,0.6916789412498474,Ambivalent,0.9999700784683228,Clear Reply
235,Ambivalent,Ambivalent,0.9980985522270204,Ambivalent,0.6067030429840088,Ambivalent,0.6067030429840088,Ambivalent,0.9997637867927552,Ambivalent,0.9997637867927552,Ambivalent,0.845711886882782,Ambivalent,0.8526597619056702,Ambivalent,0.9999065399169922,Ambivalent
236,Clear Reply,Clear Reply,0.827008843421936,Ambivalent,0.6337396502494812,Ambivalent,0.6337396502494812,Clear Reply,0.9987221360206604,Clear Reply,0.9987221360206604,Clear Reply,0.9995014667510986,Clear Reply,0.8753376007080078,Clear Reply,0.9999943971633912,Clear Reply
237,Clear Non-Reply,Clear Non-Reply,0.9997480511665344,Clear Non-Reply,0.9752986431121826,Clear Non-Reply,0.9752986431121826,Clear Non-Reply,0.9996501207351683,Clear Non-Reply,0.9996501207351683,Clear Non-Reply,0.9987993240356444,Clear Non-Reply,0.9971959590911864,Clear Non-Reply,0.9999871253967284,Clear Non-Reply
238,Ambivalent,Ambivalent,0.7388054132461548,Ambivalent,0.6674450039863586,Ambivalent,0.6674450039863586,Ambivalent,0.9587472677230836,Ambivalent,0.9587472677230836,Clear Non-Reply,0.9663651585578918,Clear Non-Reply,0.96945983171463,Clear Non-Reply,0.720157265663147,Ambivalent
239,Clear Reply,Clear Reply,0.9988137483596802,Ambivalent,0.6071000099182129,Ambivalent,0.6071000099182129,Clear Reply,0.9849960803985596,Clear Reply,0.9849960803985596,Clear Reply,0.9855770468711852,Clear Reply,0.5755648016929626,Clear Reply,0.9994388222694396,Clear Reply
240,Clear Non-Reply,Clear Non-Reply,0.8096994757652283,Clear Non-Reply,0.4349181056022644,Clear Non-Reply,0.4349181056022644,Clear Non-Reply,0.928576648235321,Clear Non-Reply,0.928576648235321,Clear Non-Reply,0.9994804263114928,Clear Non-Reply,0.9878857135772704,Clear Non-Reply,0.996285319328308,Clear Non-Reply
241,Ambivalent,Ambivalent,0.999686360359192,Clear Reply,0.5504041910171509,Clear Reply,0.5504041910171509,Ambivalent,0.9938756823539734,Ambivalent,0.9938756823539734,Clear Reply,0.9922465085983276,Clear Reply,0.7280031442642212,Ambivalent,0.9876099824905396,Ambivalent
242,Clear Reply,Clear Reply,0.9991139769554138,Clear Reply,0.8456430435180664,Clear Reply,0.8456430435180664,Clear Reply,0.9999125003814696,Clear Reply,0.9999125003814696,Clear Reply,0.9991695880889891,Clear Reply,0.9559136629104614,Clear Reply,0.9999821186065674,Clear Reply
243,Ambivalent,Ambivalent,0.9979914426803588,Ambivalent,0.5817346572875977,Ambivalent,0.5817346572875977,Ambivalent,0.9937177896499634,Ambivalent,0.9937177896499634,Clear Reply,0.8175159692764282,Ambivalent,0.8663994669914246,Ambivalent,0.9998817443847656,Ambivalent
244,Ambivalent,Ambivalent,0.9977947473526,Ambivalent,0.840695858001709,Ambivalent,0.840695858001709,Ambivalent,0.9999747276306152,Ambivalent,0.9999747276306152,Ambivalent,0.9951543807983398,Ambivalent,0.9295517802238464,Ambivalent,0.9997463822364808,Ambivalent
245,Ambivalent,Clear Reply,0.9739089608192444,Ambivalent,0.5164577960968018,Ambivalent,0.5164577960968018,Ambivalent,0.9402852058410645,Ambivalent,0.9402852058410645,Ambivalent,0.7972995638847351,Ambivalent,0.5757291913032532,Ambivalent,0.9005123972892761,Ambivalent
246,Ambivalent,Ambivalent,0.9998602867126464,Ambivalent,0.8298019170761108,Ambivalent,0.8298019170761108,Ambivalent,0.9999912977218628,Ambivalent,0.9999912977218628,Ambivalent,0.9999516010284424,Ambivalent,0.895326554775238,Ambivalent,0.9999949932098388,Ambivalent
247,Clear Reply,Clear Reply,0.9989256262779236,Clear Reply,0.9353278875350952,Clear Reply,0.9353278875350952,Clear Reply,0.9999828338623048,Clear Reply,0.9999828338623048,Clear Reply,0.9997710585594176,Clear Reply,0.9372565150260924,Clear Reply,0.9999854564666748,Clear Reply
248,Ambivalent,Ambivalent,0.8810288906097412,Ambivalent,0.6620566248893738,Ambivalent,0.6620566248893738,Ambivalent,0.9998587369918824,Ambivalent,0.9998587369918824,Ambivalent,0.9998670816421508,Ambivalent,0.9249247908592224,Ambivalent,0.9997603297233582,Ambivalent
249,Clear Reply,Clear Reply,0.913416028022766,Clear Reply,0.8746211528778076,Clear Reply,0.8746211528778076,Ambivalent,0.9590349793434144,Ambivalent,0.9590349793434144,Clear Reply,0.9995504021644592,Ambivalent,0.5592742562294006,Clear Reply,0.9919918179512024,Clear Reply
250,Clear Reply,Clear Non-Reply,0.7084255814552307,Clear Non-Reply,0.5537706017494202,Clear Non-Reply,0.5537706017494202,Clear Non-Reply,0.9954277276992798,Clear Non-Reply,0.9954277276992798,Clear Non-Reply,0.9964088797569276,Clear Non-Reply,0.9510783553123474,Clear Non-Reply,0.9997190833091736,Clear Non-Reply
251,Ambivalent,Ambivalent,0.9128496646881104,Ambivalent,0.5817172527313232,Ambivalent,0.5817172527313232,Ambivalent,0.9985452890396118,Ambivalent,0.9985452890396118,Clear Reply,0.994788408279419,Ambivalent,0.8918150663375854,Ambivalent,0.9407498240470886,Ambivalent
252,Clear Reply,Ambivalent,0.999721348285675,Ambivalent,0.6697200536727905,Ambivalent,0.6697200536727905,Ambivalent,0.998543381690979,Ambivalent,0.998543381690979,Clear Reply,0.997680127620697,Ambivalent,0.6531192064285278,Ambivalent,0.9999542236328124,Ambivalent
253,Ambivalent,Ambivalent,0.99958997964859,Ambivalent,0.7972425818443298,Ambivalent,0.7972425818443298,Ambivalent,0.9999545812606812,Ambivalent,0.9999545812606812,Ambivalent,0.998986542224884,Ambivalent,0.9628052115440368,Ambivalent,0.9999383687973022,Ambivalent
254,Ambivalent,Clear Non-Reply,0.9836506247520448,Ambivalent,0.8440873026847839,Ambivalent,0.8440873026847839,Clear Non-Reply,0.9963822364807128,Clear Non-Reply,0.9963822364807128,Clear Non-Reply,0.9950101375579834,Clear Non-Reply,0.9838297963142396,Clear Non-Reply,0.9992629885673524,Clear Non-Reply
255,Clear Reply,Ambivalent,0.9990966320037842,Clear Reply,0.519949197769165,Clear Reply,0.519949197769165,Clear Reply,0.8411692380905151,Clear Reply,0.8411692380905151,Ambivalent,0.7236541509628296,Clear Reply,0.5567979216575623,Ambivalent,0.9943625926971436,Clear Reply
256,Ambivalent,Ambivalent,0.998784363269806,Ambivalent,0.7915725708007812,Ambivalent,0.7915725708007812,Ambivalent,0.9999860525131226,Ambivalent,0.9999860525131226,Ambivalent,0.9862226843833924,Ambivalent,0.9621834754943848,Ambivalent,0.9999922513961792,Ambivalent
257,Clear Reply,Clear Reply,0.977992594242096,Clear Reply,0.7240118384361267,Clear Reply,0.7240118384361267,Ambivalent,0.8578245639801025,Ambivalent,0.8578245639801025,Ambivalent,0.9626885652542114,Clear Reply,0.9397662281990052,Clear Reply,0.9885787963867188,Clear Reply
258,Clear Non-Reply,Clear Non-Reply,0.9810549020767212,Clear Non-Reply,0.8806811571121216,Clear Non-Reply,0.8806811571121216,Clear Non-Reply,0.9999507665634156,Clear Non-Reply,0.9999507665634156,Clear Non-Reply,0.9383799433708192,Clear Non-Reply,0.994416356086731,Clear Non-Reply,0.9999812841415404,Clear Non-Reply
259,Clear Reply,Clear Reply,0.9981071949005128,Clear Reply,0.9137592911720276,Clear Reply,0.9137592911720276,Clear Reply,0.9999916553497314,Clear Reply,0.9999916553497314,Clear Reply,0.9997815489768982,Clear Reply,0.9857801795005798,Clear Reply,0.9999970197677612,Clear Reply
260,Clear Reply,Clear Reply,0.9686439633369446,Clear Reply,0.4518685936927795,Clear Reply,0.4518685936927795,Clear Non-Reply,0.8764768838882446,Clear Non-Reply,0.8764768838882446,Clear Reply,0.9998205304145812,Clear Non-Reply,0.9878056049346924,Clear Non-Reply,0.9216286540031432,Clear Reply
261,Ambivalent,Ambivalent,0.9998846054077148,Ambivalent,0.6921764612197876,Ambivalent,0.6921764612197876,Ambivalent,0.9997361302375792,Ambivalent,0.9997361302375792,Ambivalent,0.9800517559051514,Ambivalent,0.5330482125282288,Ambivalent,0.9999662637710572,Ambivalent
262,Ambivalent,Ambivalent,0.9968935251235962,Ambivalent,0.7873929142951965,Ambivalent,0.7873929142951965,Ambivalent,0.9977204203605652,Ambivalent,0.9977204203605652,Ambivalent,0.9996967315673828,Ambivalent,0.8724808096885681,Ambivalent,0.9999948740005492,Ambivalent
263,Clear Non-Reply,Clear Non-Reply,0.5696966052055359,Clear Non-Reply,0.5918499231338501,Clear Non-Reply,0.5918499231338501,Clear Non-Reply,0.777219831943512,Clear Non-Reply,0.777219831943512,Ambivalent,0.9773094654083252,Clear Non-Reply,0.9559088945388794,Clear Non-Reply,0.9609972834587096,Clear Non-Reply
264,Clear Non-Reply,Ambivalent,0.9948341846466064,Ambivalent,0.5539622902870178,Ambivalent,0.5539622902870178,Ambivalent,0.9992448091506958,Ambivalent,0.9992448091506958,Ambivalent,0.999732792377472,Ambivalent,0.7963120341300964,Ambivalent,0.9997872710227966,Ambivalent
265,Clear Non-Reply,Clear Non-Reply,0.9953723549842834,Clear Non-Reply,0.9019352793693542,Clear Non-Reply,0.9019352793693542,Clear Non-Reply,0.9457176327705384,Clear Non-Reply,0.9457176327705384,Clear Non-Reply,0.9759080410003662,Clear Non-Reply,0.9072930216789246,Clear Non-Reply,0.9995061159133912,Clear Non-Reply
266,Ambivalent,Ambivalent,0.9997819066047668,Ambivalent,0.720971405506134,Ambivalent,0.720971405506134,Ambivalent,0.9915794134140016,Ambivalent,0.9915794134140016,Ambivalent,0.6794090270996094,Ambivalent,0.8526201248168945,Ambivalent,0.9994296431541444,Ambivalent
267,Clear Reply,Ambivalent,0.9960313439369202,Ambivalent,0.8118884563446045,Ambivalent,0.8118884563446045,Ambivalent,0.9959248304367064,Ambivalent,0.9959248304367064,Ambivalent,0.9425482749938964,Ambivalent,0.870391309261322,Ambivalent,0.9739627838134766,Ambivalent
268,Clear Reply,Clear Reply,0.995042085647583,Clear Reply,0.7204136848449707,Clear Reply,0.7204136848449707,Ambivalent,0.8602502346038818,Ambivalent,0.8602502346038818,Clear Reply,0.663331925868988,Clear Reply,0.8216918706893921,Ambivalent,0.9018253684043884,Clear Reply
269,Ambivalent,Clear Reply,0.9892622828483582,Clear Reply,0.7954124808311462,Clear Reply,0.7954124808311462,Clear Reply,0.5778994560241699,Clear Reply,0.5778994560241699,Clear Reply,0.9997374415397644,Ambivalent,0.6936526894569397,Ambivalent,0.9981289505958556,Clear Reply
270,Ambivalent,Clear Reply,0.997004210948944,Ambivalent,0.575173020362854,Ambivalent,0.575173020362854,Clear Reply,0.9986439347267152,Clear Reply,0.9986439347267152,Clear Reply,0.9996163845062256,Clear Reply,0.7246840596199036,Clear Reply,0.999980092048645,Clear Reply
271,Ambivalent,Ambivalent,0.8320205211639404,Clear Non-Reply,0.7011818885803223,Clear Non-Reply,0.7011818885803223,Clear Non-Reply,0.920113742351532,Clear Non-Reply,0.920113742351532,Ambivalent,0.9997578263282776,Clear Non-Reply,0.9782544374465942,Clear Non-Reply,0.7258744239807129,Clear Non-Reply
272,Ambivalent,Ambivalent,0.9998732805252076,Ambivalent,0.7626714706420898,Ambivalent,0.7626714706420898,Ambivalent,0.9999929666519164,Ambivalent,0.9999929666519164,Ambivalent,0.9999074935913086,Ambivalent,0.9392387270927428,Ambivalent,0.999996542930603,Ambivalent
273,Ambivalent,Ambivalent,0.9998334646224976,Ambivalent,0.7154855728149414,Ambivalent,0.7154855728149414,Ambivalent,0.9999918937683104,Ambivalent,0.9999918937683104,Ambivalent,0.8328641057014465,Ambivalent,0.93502014875412,Ambivalent,0.9999936819076538,Ambivalent
274,Ambivalent,Ambivalent,0.712318480014801,Ambivalent,0.7801452875137329,Ambivalent,0.7801452875137329,Ambivalent,0.9996472597122192,Ambivalent,0.9996472597122192,Ambivalent,0.9987004995346068,Ambivalent,0.8975105285644531,Ambivalent,0.9999516010284424,Ambivalent
275,Ambivalent,Clear Non-Reply,0.8394807577133179,Ambivalent,0.6057316660881042,Ambivalent,0.6057316660881042,Clear Non-Reply,0.9739791750907898,Clear Non-Reply,0.9739791750907898,Ambivalent,0.9998086094856262,Clear Non-Reply,0.9572087526321412,Clear Non-Reply,0.9670002460479736,Clear Non-Reply
276,Ambivalent,Clear Non-Reply,0.8902934193611145,Clear Non-Reply,0.8102925419807434,Clear Non-Reply,0.8102925419807434,Ambivalent,0.9994555115699768,Ambivalent,0.9994555115699768,Clear Non-Reply,0.922396719455719,Clear Non-Reply,0.99172180891037,Ambivalent,0.9998146891593932,Clear Non-Reply
277,Clear Non-Reply,Clear Non-Reply,0.71368807554245,Clear Non-Reply,0.6657233834266663,Clear Non-Reply,0.6657233834266663,Ambivalent,0.9999889135360718,Ambivalent,0.9999889135360718,Ambivalent,0.9616984724998474,Clear Non-Reply,0.9806642532348632,Ambivalent,0.9999951124191284,Ambivalent
278,Ambivalent,Ambivalent,0.9998739957809448,Ambivalent,0.7635140419006348,Ambivalent,0.7635140419006348,Ambivalent,0.9990909099578856,Ambivalent,0.9990909099578856,Ambivalent,0.9998949766159058,Ambivalent,0.5565193891525269,Ambivalent,0.9956573247909546,Ambivalent
279,Ambivalent,Clear Reply,0.9977228045463562,Ambivalent,0.49837327003479,Ambivalent,0.49837327003479,Ambivalent,0.9995977282524108,Ambivalent,0.9995977282524108,Ambivalent,0.9900897741317748,Ambivalent,0.6413590312004089,Ambivalent,0.99998939037323,Ambivalent
280,Ambivalent,Clear Non-Reply,0.9677153825759888,Clear Non-Reply,0.7329999208450317,Clear Non-Reply,0.7329999208450317,Ambivalent,0.9915837049484252,Ambivalent,0.9915837049484252,Ambivalent,0.9994589686393738,Clear Non-Reply,0.9655988216400146,Ambivalent,0.9960936903953552,Ambivalent
281,Ambivalent,Clear Reply,0.998945415019989,Clear Reply,0.9245123267173768,Clear Reply,0.9245123267173768,Clear Reply,0.9996306896209716,Clear Reply,0.9996306896209716,Clear Reply,0.999813973903656,Clear Reply,0.6859533190727234,Clear Reply,0.9999208450317384,Clear Reply
282,Clear Reply,Clear Reply,0.999288022518158,Clear Reply,0.9541774392127992,Clear Reply,0.9541774392127992,Clear Reply,0.9999864101409912,Clear Reply,0.9999864101409912,Clear Reply,0.9998155236244202,Clear Reply,0.9896573424339294,Clear Reply,0.9999959468841552,Clear Reply
283,Ambivalent,Ambivalent,0.9479997158050536,Ambivalent,0.7101580500602722,Ambivalent,0.7101580500602722,Ambivalent,0.989379346370697,Ambivalent,0.989379346370697,Ambivalent,0.9968858361244202,Ambivalent,0.8702918887138367,Ambivalent,0.9289865493774414,Ambivalent
284,Ambivalent,Clear Reply,0.9965630173683168,Ambivalent,0.5540357828140259,Ambivalent,0.5540357828140259,Ambivalent,0.9998409748077391,Ambivalent,0.9998409748077391,Clear Reply,0.9938642978668212,Ambivalent,0.8228111863136292,Ambivalent,0.9982638955116272,Ambivalent
285,Clear Non-Reply,Ambivalent,0.9975138902664183,Ambivalent,0.879915177822113,Ambivalent,0.879915177822113,Clear Non-Reply,0.9939603805541992,Clear Non-Reply,0.9939603805541992,Clear Non-Reply,0.999971866607666,Clear Non-Reply,0.908214807510376,Clear Non-Reply,0.999786913394928,Clear Non-Reply
286,Ambivalent,Ambivalent,0.6915680170059204,Ambivalent,0.5559951066970825,Ambivalent,0.5559951066970825,Ambivalent,0.5652681589126587,Ambivalent,0.5652681589126587,Ambivalent,0.9931551814079284,Clear Non-Reply,0.9828869700431824,Ambivalent,0.9889573454856871,Ambivalent
287,Ambivalent,Ambivalent,0.9997219443321228,Ambivalent,0.7121423482894897,Ambivalent,0.7121423482894897,Ambivalent,0.9999839067459106,Ambivalent,0.9999839067459106,Ambivalent,0.9791364073753356,Ambivalent,0.957891583442688,Ambivalent,0.999992609024048,Ambivalent
288,Clear Non-Reply,Ambivalent,0.885463535785675,Ambivalent,0.6365752816200256,Ambivalent,0.6365752816200256,Ambivalent,0.9927452206611632,Ambivalent,0.9927452206611632,Ambivalent,0.9989112615585328,Clear Non-Reply,0.8189654350280762,Ambivalent,0.9996328353881836,Ambivalent
289,Ambivalent,Ambivalent,0.989267885684967,Ambivalent,0.6839249134063721,Ambivalent,0.6839249134063721,Ambivalent,0.9900004267692566,Ambivalent,0.9900004267692566,Clear Reply,0.9609951376914978,Ambivalent,0.624967098236084,Ambivalent,0.9262168407440186,Ambivalent
290,Clear Reply,Clear Reply,0.5914449691772461,Ambivalent,0.6663028001785278,Ambivalent,0.6663028001785278,Clear Reply,0.9997096657752992,Clear Reply,0.9997096657752992,Clear Reply,0.9945194125175476,Ambivalent,0.6904054284095764,Clear Reply,0.9999704360961914,Clear Reply
291,Clear Reply,Ambivalent,0.9971500039100648,Clear Reply,0.5369057059288025,Clear Reply,0.5369057059288025,Ambivalent,0.988434910774231,Ambivalent,0.988434910774231,Clear Reply,0.6103695034980774,Clear Reply,0.9463374018669128,Ambivalent,0.995195209980011,Ambivalent
292,Clear Reply,Clear Reply,0.9989894032478333,Clear Reply,0.8335405588150024,Clear Reply,0.8335405588150024,Clear Reply,0.9999687671661376,Clear Reply,0.9999687671661376,Clear Reply,0.9995760321617126,Clear Reply,0.9852884411811828,Clear Reply,0.9999980926513672,Clear Reply
293,Clear Reply,Clear Reply,0.9989684820175172,Clear Reply,0.8007223010063171,Clear Reply,0.8007223010063171,Clear Reply,0.9987867474555968,Clear Reply,0.9987867474555968,Clear Reply,0.99880850315094,Clear Reply,0.9512261152267456,Clear Reply,0.9999439716339112,Clear Reply
294,Ambivalent,Ambivalent,0.9918459057807922,Ambivalent,0.5323202013969421,Ambivalent,0.5323202013969421,Ambivalent,0.9930999279022216,Ambivalent,0.9930999279022216,Ambivalent,0.9695404171943665,Ambivalent,0.915977418422699,Ambivalent,0.5662175416946411,Ambivalent
295,Ambivalent,Ambivalent,0.9593909978866576,Ambivalent,0.6614509224891663,Ambivalent,0.6614509224891663,Ambivalent,0.995685577392578,Ambivalent,0.995685577392578,Ambivalent,0.9874115586280824,Ambivalent,0.8140342235565186,Ambivalent,0.9997373223304749,Ambivalent
296,Ambivalent,Ambivalent,0.9828962683677672,Ambivalent,0.5861856341362,Ambivalent,0.5861856341362,Ambivalent,0.9977468848228456,Ambivalent,0.9977468848228456,Ambivalent,0.9993482232093812,Clear Reply,0.5165707468986511,Ambivalent,0.6990558505058289,Ambivalent
297,Ambivalent,Clear Non-Reply,0.9347966313362122,Ambivalent,0.8476656079292297,Ambivalent,0.8476656079292297,Clear Non-Reply,0.9884224534034728,Clear Non-Reply,0.9884224534034728,Clear Non-Reply,0.996760070323944,Clear Non-Reply,0.983509361743927,Clear Non-Reply,0.9965916872024536,Clear Non-Reply
298,Clear Reply,Clear Reply,0.9992215633392334,Ambivalent,0.5883709192276001,Ambivalent,0.5883709192276001,Clear Reply,0.926828682422638,Clear Reply,0.926828682422638,Clear Reply,0.9994655251502992,Ambivalent,0.5038368105888367,Clear Reply,0.9984248876571656,Clear Reply
299,Clear Reply,Clear Reply,0.9962286949157716,Clear Reply,0.6046088337898254,Clear Reply,0.6046088337898254,Clear Reply,0.9968902468681335,Clear Reply,0.9968902468681335,Ambivalent,0.8054404258728027,Ambivalent,0.5183383822441101,Clear Reply,0.9818651080131532,Clear Reply
300,Clear Non-Reply,Clear Non-Reply,0.9937471151351928,Clear Non-Reply,0.5426945686340332,Clear Non-Reply,0.5426945686340332,Clear Non-Reply,0.8689094185829163,Clear Non-Reply,0.8689094185829163,Clear Non-Reply,0.9998464584350586,Clear Non-Reply,0.991097092628479,Clear Non-Reply,0.9979682564735411,Clear Non-Reply
301,Ambivalent,Ambivalent,0.9994959831237792,Ambivalent,0.8016522526741028,Ambivalent,0.8016522526741028,Ambivalent,0.9999717473983764,Ambivalent,0.9999717473983764,Ambivalent,0.9729301929473876,Ambivalent,0.944702446460724,Ambivalent,0.9992294311523438,Ambivalent
302,Ambivalent,Ambivalent,0.9995645880699158,Clear Reply,0.5359990000724792,Clear Reply,0.5359990000724792,Clear Reply,0.9990830421447754,Clear Reply,0.9990830421447754,Clear Reply,0.986026167869568,Clear Reply,0.8098030686378479,Clear Reply,0.8115426301956177,Clear Reply
303,Ambivalent,Ambivalent,0.5656097531318665,Ambivalent,0.6883171200752258,Ambivalent,0.6883171200752258,Clear Reply,0.9536437392234802,Clear Reply,0.9536437392234802,Ambivalent,0.9992080330848694,Ambivalent,0.787935197353363,Clear Reply,0.9957789182662964,Ambivalent
304,Ambivalent,Clear Reply,0.9989200830459596,Clear Reply,0.7675047516822815,Clear Reply,0.7675047516822815,Ambivalent,0.654032289981842,Ambivalent,0.654032289981842,Clear Reply,0.9927510023117064,Clear Reply,0.9687766432762146,Clear Reply,0.9999574422836304,Clear Reply
305,Clear Reply,Ambivalent,0.5651485323905945,Ambivalent,0.4377305209636688,Ambivalent,0.4377305209636688,Ambivalent,0.9942477941513062,Ambivalent,0.9942477941513062,Clear Reply,0.9915704727172852,Ambivalent,0.8188283443450928,Ambivalent,0.9996588230133056,Ambivalent
306,Ambivalent,Ambivalent,0.999393105506897,Ambivalent,0.7641791701316833,Ambivalent,0.7641791701316833,Clear Reply,0.9908932447433472,Clear Reply,0.9908932447433472,Ambivalent,0.997459352016449,Ambivalent,0.6607989072799683,Clear Reply,0.9283706545829772,Ambivalent
307,Clear Reply,Ambivalent,0.90590500831604,Clear Reply,0.5004162788391113,Clear Reply,0.5004162788391113,Ambivalent,0.5162373185157776,Ambivalent,0.5162373185157776,Clear Reply,0.7242615222930908,Clear Reply,0.9125015139579772,Clear Reply,0.9814833998680116,Clear Reply
