index,clarity_label,deberta_en_base_unfreezing25_fixed_defaulthead_originaldata_trunchead_lossce_predictionscsv__predicted_label,deberta_en_base_unfreezing25_fixed_defaulthead_originaldata_trunchead_lossce_predictionscsv__predicted_confidence,mdeberta_multi_base_unfreezing25_fixed_defaulthead_originaldata_trunchead_lossce_predictionscsv__predicted_label,mdeberta_multi_base_unfreezing25_fixed_defaulthead_originaldata_trunchead_lossce_predictionscsv__predicted_confidence,bert_en_base_lora16_fixed_defaulthead_originaldata_trunchead_lossce_predictionscsv__predicted_label,bert_en_base_lora16_fixed_defaulthead_originaldata_trunchead_lossce_predictionscsv__predicted_confidence,mbert_multi_base_unfreezing25_fixed_defaulthead_originaldata_trunchead_lossce_predictionscsv__predicted_label,mbert_multi_base_unfreezing25_fixed_defaulthead_originaldata_trunchead_lossce_predictionscsv__predicted_confidence,roberta_en_base_unfreezing75_fixed_defaulthead_originaldata_trunchead_lossce_predictionscsv__predicted_label,roberta_en_base_unfreezing75_fixed_defaulthead_originaldata_trunchead_lossce_predictionscsv__predicted_confidence,roberta_en_large_unfreezing25_fixed_defaulthead_originaldata_trunchead_lossce_predictionscsv__predicted_label,roberta_en_large_unfreezing25_fixed_defaulthead_originaldata_trunchead_lossce_predictionscsv__predicted_confidence,xlmr_multi_base_unfreezing25_fixed_defaulthead_originaldata_trunchead_lossce_predictionscsv__predicted_label,xlmr_multi_base_unfreezing25_fixed_defaulthead_originaldata_trunchead_lossce_predictionscsv__predicted_confidence,xlmr_multi_large_unfreezing25_fixed_defaulthead_originaldata_trunchead_lossce_predictionscsv__predicted_label,xlmr_multi_large_unfreezing25_fixed_defaulthead_originaldata_trunchead_lossce_predictionscsv__predicted_confidence,predicted_label
0,Ambivalent,Ambivalent,0.7164527177810669,Ambivalent,0.9914292693138124,Ambivalent,0.6845782399177551,Ambivalent,0.9982137680053712,Ambivalent,0.9671867489814758,Ambivalent,0.6927537322044373,Ambivalent,0.6925426125526428,Ambivalent,0.7422378659248352,Ambivalent
1,Ambivalent,Ambivalent,0.7778769731521606,Ambivalent,0.9474846124649048,Ambivalent,0.6469506621360779,Ambivalent,0.9962337613105774,Clear Reply,0.8220656514167786,Ambivalent,0.7293239831924438,Ambivalent,0.674126923084259,Ambivalent,0.7177481055259705,Ambivalent
2,Ambivalent,Ambivalent,0.5090932846069336,Ambivalent,0.9790584444999696,Ambivalent,0.5945134162902832,Ambivalent,0.9642879366874696,Ambivalent,0.9512699842453004,Ambivalent,0.6957842707633972,Ambivalent,0.605130136013031,Ambivalent,0.5646167993545532,Ambivalent
3,Ambivalent,Clear Non-Reply,0.713925838470459,Clear Non-Reply,0.7127552628517151,Ambivalent,0.4739890098571777,Clear Reply,0.8421451449394226,Ambivalent,0.8092025518417358,Ambivalent,0.9206114411354064,Ambivalent,0.5978203415870667,Ambivalent,0.5611968040466309,Ambivalent
4,Ambivalent,Clear Reply,0.7809901833534241,Ambivalent,0.9711256623268129,Ambivalent,0.5874838829040527,Clear Reply,0.9963041543960572,Clear Reply,0.9197649955749512,Clear Reply,0.89481121301651,Clear Reply,0.8298699855804443,Clear Reply,0.8537386655807495,Clear Reply
5,Ambivalent,Ambivalent,0.5194606781005859,Ambivalent,0.9923317432403564,Ambivalent,0.6198396682739258,Ambivalent,0.7543964385986328,Ambivalent,0.7166826725006104,Ambivalent,0.6441503167152405,Ambivalent,0.5402827858924866,Ambivalent,0.7133483290672302,Ambivalent
6,Ambivalent,Ambivalent,0.792281448841095,Ambivalent,0.994800329208374,Ambivalent,0.6243168115615845,Ambivalent,0.9990130662918092,Ambivalent,0.9565545916557312,Ambivalent,0.9055002927780152,Ambivalent,0.6329944133758545,Ambivalent,0.7301182746887207,Ambivalent
7,Ambivalent,Ambivalent,0.8359546065330505,Ambivalent,0.9926540851593018,Ambivalent,0.73738694190979,Ambivalent,0.9430582523345948,Ambivalent,0.9525086283683776,Ambivalent,0.9147968888282776,Ambivalent,0.6456926465034485,Ambivalent,0.7053076028823853,Ambivalent
8,Ambivalent,Clear Reply,0.5924301147460938,Clear Reply,0.851979672908783,Clear Reply,0.7387349009513855,Ambivalent,0.8741662502288818,Clear Reply,0.7868790030479431,Clear Reply,0.909050703048706,Ambivalent,0.5681868195533752,Clear Reply,0.5566589832305908,Clear Reply
9,Ambivalent,Ambivalent,0.7204819917678833,Ambivalent,0.9869377613067628,Ambivalent,0.7079325914382935,Ambivalent,0.997495174407959,Ambivalent,0.9628283381462096,Clear Reply,0.8378385305404663,Ambivalent,0.6155384182929993,Ambivalent,0.7446384429931641,Ambivalent
10,Ambivalent,Ambivalent,0.6766477823257446,Ambivalent,0.9781169891357422,Clear Reply,0.5358136296272278,Clear Reply,0.6652197241783142,Clear Reply,0.931995689868927,Ambivalent,0.5908323526382446,Ambivalent,0.5819436311721802,Ambivalent,0.5607850551605225,Ambivalent
11,Clear Reply,Ambivalent,0.4002257287502289,Clear Reply,0.7731215953826904,Ambivalent,0.5692278742790222,Ambivalent,0.9926992058753968,Ambivalent,0.8500823378562927,Clear Non-Reply,0.6641160845756531,Ambivalent,0.5230147242546082,Ambivalent,0.70456862449646,Ambivalent
12,Ambivalent,Clear Reply,0.8391103744506836,Clear Reply,0.9052799344062804,Clear Reply,0.7723812460899353,Ambivalent,0.7281210422515869,Clear Reply,0.4984579086303711,Ambivalent,0.5906262397766113,Clear Reply,0.639208972454071,Ambivalent,0.5683366656303406,Clear Reply
13,Clear Reply,Ambivalent,0.6514514684677124,Ambivalent,0.9731062650680542,Ambivalent,0.6195124387741089,Ambivalent,0.552784264087677,Clear Reply,0.7618773579597473,Ambivalent,0.8422954082489014,Clear Reply,0.5076528191566467,Ambivalent,0.7123154401779175,Ambivalent
14,Ambivalent,Ambivalent,0.5036900639533997,Ambivalent,0.7460176944732666,Ambivalent,0.5127755403518677,Ambivalent,0.9973481893539428,Ambivalent,0.9441404938697816,Ambivalent,0.7611327767372131,Ambivalent,0.5277451872825623,Ambivalent,0.5970660448074341,Ambivalent
15,Clear Reply,Clear Reply,0.7555831074714661,Clear Reply,0.9878050088882446,Clear Reply,0.6315593123435974,Clear Reply,0.9513736963272096,Clear Reply,0.9786850214004515,Ambivalent,0.6942088603973389,Ambivalent,0.5775091648101807,Ambivalent,0.7228285670280457,Clear Reply
16,Ambivalent,Clear Non-Reply,0.4179693460464477,Clear Non-Reply,0.6556150913238525,Ambivalent,0.5759303569793701,Ambivalent,0.9947750568389891,Ambivalent,0.9631562232971193,Clear Non-Reply,0.7726966142654419,Ambivalent,0.6874688863754272,Clear Non-Reply,0.977885603904724,Ambivalent
17,Ambivalent,Ambivalent,0.8829154372215271,Ambivalent,0.9325489401817322,Clear Non-Reply,0.4605775773525238,Clear Non-Reply,0.9183005094528198,Ambivalent,0.9674988985061646,Ambivalent,0.717639148235321,Ambivalent,0.5322004556655884,Ambivalent,0.7117489576339722,Ambivalent
18,Ambivalent,Ambivalent,0.6367600560188293,Ambivalent,0.9941372871398926,Ambivalent,0.6196156144142151,Ambivalent,0.9959508180618286,Ambivalent,0.8849325180053711,Ambivalent,0.7934974431991577,Ambivalent,0.5961185097694397,Ambivalent,0.6798017621040344,Ambivalent
19,Ambivalent,Ambivalent,0.7275983095169067,Clear Reply,0.6883164048194885,Clear Reply,0.6787397265434265,Ambivalent,0.8152943849563599,Ambivalent,0.9604848623275756,Ambivalent,0.8832886219024658,Clear Reply,0.5411255955696106,Clear Reply,0.5215318202972412,Ambivalent
20,Ambivalent,Ambivalent,0.733935534954071,Ambivalent,0.5466071963310242,Ambivalent,0.6384636163711548,Ambivalent,0.8113398551940918,Ambivalent,0.9350211024284364,Ambivalent,0.9274308085441588,Ambivalent,0.5898727178573608,Ambivalent,0.6311869025230408,Ambivalent
21,Clear Reply,Clear Reply,0.9539183378219604,Clear Reply,0.9959675073623656,Clear Reply,0.8206331133842468,Clear Reply,0.9966614246368408,Clear Reply,0.98859441280365,Clear Reply,0.9754870533943176,Clear Reply,0.7849259972572327,Clear Reply,0.8406188488006592,Clear Reply
22,Ambivalent,Ambivalent,0.7233030796051025,Ambivalent,0.9913265109062196,Ambivalent,0.5214143991470337,Ambivalent,0.998377799987793,Ambivalent,0.9406369924545288,Clear Non-Reply,0.8521104454994202,Ambivalent,0.6461904644966125,Ambivalent,0.5925970673561096,Ambivalent
23,Ambivalent,Ambivalent,0.6585680246353149,Ambivalent,0.901724934577942,Ambivalent,0.6231487989425659,Ambivalent,0.994353175163269,Ambivalent,0.5978787541389465,Ambivalent,0.7327714562416077,Ambivalent,0.6574516892433167,Ambivalent,0.543858528137207,Ambivalent
24,Ambivalent,Ambivalent,0.5316034555435181,Ambivalent,0.979838490486145,Ambivalent,0.6216842532157898,Ambivalent,0.9943231344223022,Ambivalent,0.9692147374153136,Ambivalent,0.7704431414604187,Clear Reply,0.5528281331062317,Ambivalent,0.7252687215805054,Ambivalent
25,Ambivalent,Ambivalent,0.5975661277770996,Ambivalent,0.7946186661720276,Ambivalent,0.5532599687576294,Ambivalent,0.9971664547920228,Ambivalent,0.9144935011863708,Ambivalent,0.778091549873352,Ambivalent,0.6486781239509583,Ambivalent,0.7336457371711731,Ambivalent
26,Ambivalent,Ambivalent,0.6633613705635071,Ambivalent,0.9446802139282228,Clear Reply,0.559432327747345,Ambivalent,0.5593652129173279,Clear Reply,0.7986414432525635,Ambivalent,0.698244571685791,Ambivalent,0.5636498332023621,Ambivalent,0.5354629158973694,Ambivalent
27,Ambivalent,Ambivalent,0.6448035836219788,Ambivalent,0.980057954788208,Ambivalent,0.6849775910377502,Ambivalent,0.9365702867507936,Ambivalent,0.947499692440033,Ambivalent,0.7835816740989685,Ambivalent,0.656253457069397,Ambivalent,0.4711511731147766,Ambivalent
28,Ambivalent,Clear Reply,0.5387430787086487,Ambivalent,0.9833692908287048,Ambivalent,0.5980238318443298,Ambivalent,0.9978001713752748,Ambivalent,0.8558070659637451,Ambivalent,0.8578174710273743,Ambivalent,0.649182915687561,Ambivalent,0.6397475004196167,Ambivalent
29,Clear Non-Reply,Clear Non-Reply,0.698696494102478,Ambivalent,0.9529331922531128,Ambivalent,0.5739562511444092,Ambivalent,0.5313358902931213,Ambivalent,0.9594798684120178,Clear Non-Reply,0.9146687984466552,Ambivalent,0.6599653959274292,Ambivalent,0.6841045618057251,Ambivalent
30,Clear Reply,Clear Reply,0.6567098498344421,Clear Reply,0.5732594132423401,Clear Reply,0.7080888152122498,Ambivalent,0.9946545362472534,Ambivalent,0.69279944896698,Ambivalent,0.7352129817008972,Ambivalent,0.6745023727416992,Ambivalent,0.5452926158905029,Ambivalent
31,Ambivalent,Clear Reply,0.5290876030921936,Ambivalent,0.7927587628364563,Clear Reply,0.637994647026062,Ambivalent,0.5120011568069458,Clear Reply,0.8343416452407837,Ambivalent,0.6981463432312012,Ambivalent,0.6196808218955994,Ambivalent,0.6623241901397705,Ambivalent
32,Clear Non-Reply,Ambivalent,0.7574731111526489,Ambivalent,0.9064799547195436,Ambivalent,0.6160787343978882,Clear Reply,0.7510523200035095,Ambivalent,0.902375876903534,Ambivalent,0.9041659235954284,Ambivalent,0.7455528974533081,Ambivalent,0.6523791551589966,Ambivalent
33,Ambivalent,Clear Non-Reply,0.7040961384773254,Clear Non-Reply,0.978984832763672,Ambivalent,0.5738924741744995,Ambivalent,0.9265384674072266,Ambivalent,0.5676668882369995,Clear Non-Reply,0.962920069694519,Ambivalent,0.4791058599948883,Clear Non-Reply,0.9699450731277466,Clear Non-Reply
34,Ambivalent,Clear Reply,0.6080983877182007,Ambivalent,0.943623185157776,Clear Reply,0.6013367772102356,Ambivalent,0.569587767124176,Clear Reply,0.6246713399887085,Clear Reply,0.9492168426513672,Ambivalent,0.5184181332588196,Clear Reply,0.7651439309120178,Clear Reply
35,Ambivalent,Ambivalent,0.6435860395431519,Ambivalent,0.9943854808807372,Ambivalent,0.6748215556144714,Ambivalent,0.9979977011680604,Ambivalent,0.9615609645843506,Ambivalent,0.7702429890632629,Ambivalent,0.6824486255645752,Ambivalent,0.6581429243087769,Ambivalent
36,Clear Reply,Ambivalent,0.6795949339866638,Ambivalent,0.9977622032165528,Clear Non-Reply,0.497096985578537,Ambivalent,0.9754648804664612,Clear Reply,0.6374508738517761,Ambivalent,0.7801877856254578,Ambivalent,0.7860324382781982,Ambivalent,0.5676237940788269,Ambivalent
37,Ambivalent,Clear Reply,0.5768645405769348,Clear Reply,0.9319854378700256,Clear Reply,0.6721757650375366,Clear Reply,0.9513460397720336,Clear Reply,0.810676097869873,Ambivalent,0.5473046898841858,Ambivalent,0.6052220463752747,Ambivalent,0.6335800290107727,Clear Reply
38,Ambivalent,Clear Reply,0.5439033508300781,Clear Reply,0.9575721621513368,Clear Reply,0.5624053478240967,Clear Reply,0.9790615439414978,Clear Reply,0.775255560874939,Ambivalent,0.930854856967926,Ambivalent,0.6066190600395203,Ambivalent,0.6364624500274658,Clear Reply
39,Ambivalent,Ambivalent,0.6965988874435425,Ambivalent,0.97904771566391,Ambivalent,0.6966918706893921,Ambivalent,0.5915740132331848,Ambivalent,0.964441180229187,Ambivalent,0.8511399626731873,Ambivalent,0.5792059302330017,Ambivalent,0.5836533904075623,Ambivalent
40,Ambivalent,Clear Non-Reply,0.4646417200565338,Clear Non-Reply,0.9903806447982788,Ambivalent,0.5835762023925781,Ambivalent,0.8857992887496948,Ambivalent,0.9408943057060242,Ambivalent,0.8121249675750732,Clear Non-Reply,0.8880167007446289,Ambivalent,0.7437366843223572,Ambivalent
41,Ambivalent,Ambivalent,0.7544875741004944,Ambivalent,0.9883672595024108,Ambivalent,0.7107040286064148,Ambivalent,0.9991241097450256,Ambivalent,0.9638798832893372,Ambivalent,0.9212860465049744,Ambivalent,0.5761398077011108,Ambivalent,0.6619812846183777,Ambivalent
42,Ambivalent,Ambivalent,0.6566149592399597,Clear Reply,0.7413173913955688,Clear Reply,0.5511019825935364,Ambivalent,0.9035364985466005,Clear Reply,0.749334454536438,Ambivalent,0.822074294090271,Ambivalent,0.5636832118034363,Ambivalent,0.5303177833557129,Ambivalent
43,Ambivalent,Ambivalent,0.5602661371231079,Clear Non-Reply,0.989069402217865,Ambivalent,0.4835900962352752,Clear Non-Reply,0.9310662746429444,Clear Non-Reply,0.8808754086494446,Clear Non-Reply,0.926332414150238,Clear Non-Reply,0.5557515025138855,Clear Non-Reply,0.9765057563781738,Clear Non-Reply
44,Ambivalent,Ambivalent,0.5834386348724365,Ambivalent,0.7792755365371704,Ambivalent,0.6216953992843628,Ambivalent,0.998588502407074,Clear Reply,0.5198078751564026,Ambivalent,0.7196851968765259,Ambivalent,0.6194469332695007,Ambivalent,0.6831566691398621,Ambivalent
45,Ambivalent,Clear Reply,0.5734944343566895,Clear Reply,0.866036593914032,Ambivalent,0.6468878984451294,Ambivalent,0.9886520504951476,Clear Reply,0.807841956615448,Clear Reply,0.5050001740455627,Ambivalent,0.6791988611221313,Ambivalent,0.5386658310890198,Ambivalent
46,Clear Reply,Clear Reply,0.7566481828689575,Ambivalent,0.6299466490745544,Clear Reply,0.6121518015861511,Clear Reply,0.9948747754096984,Ambivalent,0.8539488911628723,Clear Reply,0.8844220042228699,Clear Reply,0.6014559864997864,Clear Reply,0.5206270217895508,Clear Reply
47,Ambivalent,Clear Reply,0.8595114350318909,Ambivalent,0.8191336989402771,Ambivalent,0.6043670177459717,Ambivalent,0.9411653876304626,Ambivalent,0.9460451602935792,Ambivalent,0.8809369206428528,Ambivalent,0.6736989617347717,Ambivalent,0.7130553126335144,Ambivalent
48,Ambivalent,Clear Reply,0.5400329232215881,Ambivalent,0.9287642240524292,Ambivalent,0.6678457856178284,Ambivalent,0.7976530194282532,Clear Reply,0.6517927050590515,Clear Reply,0.8984459042549133,Ambivalent,0.4984977841377258,Ambivalent,0.5550416707992554,Ambivalent
49,Clear Non-Reply,Clear Non-Reply,0.9430872201919556,Clear Non-Reply,0.998506486415863,Clear Non-Reply,0.937720537185669,Clear Non-Reply,0.9945662021636964,Clear Non-Reply,0.9288716912269592,Clear Non-Reply,0.8663387894630432,Clear Non-Reply,0.7862443327903748,Clear Non-Reply,0.9561628699302672,Clear Non-Reply
50,Ambivalent,Clear Reply,0.6129117608070374,Ambivalent,0.9561609029769896,Clear Reply,0.5978726744651794,Clear Reply,0.5146501660346985,Ambivalent,0.936655580997467,Clear Reply,0.5885544419288635,Ambivalent,0.6267027258872986,Ambivalent,0.7448757886886597,Ambivalent
51,Clear Reply,Clear Reply,0.6791014671325684,Ambivalent,0.8689977526664734,Clear Reply,0.4781200587749481,Ambivalent,0.7447724938392639,Ambivalent,0.6820756793022156,Clear Reply,0.5818592309951782,Clear Reply,0.572898268699646,Clear Reply,0.5056411623954773,Clear Reply
52,Ambivalent,Clear Reply,0.8825739622116089,Clear Reply,0.583193838596344,Clear Reply,0.6123407483100891,Clear Reply,0.9712680578231812,Clear Reply,0.9776995182037354,Clear Reply,0.7579960227012634,Clear Reply,0.8513928651809692,Ambivalent,0.5101707577705383,Clear Reply
53,Ambivalent,Clear Reply,0.5118545293807983,Ambivalent,0.9867022633552552,Ambivalent,0.7105112075805664,Ambivalent,0.993493378162384,Ambivalent,0.5317665934562683,Ambivalent,0.6529242992401123,Clear Reply,0.6292993426322937,Ambivalent,0.660256028175354,Ambivalent
54,Clear Reply,Ambivalent,0.4161261618137359,Clear Reply,0.6918016672134399,Ambivalent,0.6457357406616211,Ambivalent,0.799731433391571,Ambivalent,0.9682750105857848,Clear Non-Reply,0.6503443121910095,Clear Non-Reply,0.8262593746185303,Clear Non-Reply,0.5697163343429565,Ambivalent
55,Ambivalent,Ambivalent,0.5040029883384705,Ambivalent,0.995233714580536,Ambivalent,0.557309627532959,Ambivalent,0.9938526153564452,Ambivalent,0.730007529258728,Clear Reply,0.5458390116691589,Ambivalent,0.5340364575386047,Ambivalent,0.6661627888679504,Ambivalent
56,Clear Non-Reply,Clear Reply,0.681672215461731,Ambivalent,0.6900987029075623,Clear Non-Reply,0.9520450830459596,Ambivalent,0.9945765733718872,Clear Non-Reply,0.759494960308075,Clear Non-Reply,0.5743710994720459,Clear Non-Reply,0.8448650240898132,Ambivalent,0.7089544534683228,Clear Non-Reply
57,Ambivalent,Clear Non-Reply,0.7766619920730591,Ambivalent,0.7073478698730469,Ambivalent,0.5731921195983887,Clear Reply,0.608576774597168,Ambivalent,0.9485384821891784,Clear Non-Reply,0.4737607538700104,Clear Non-Reply,0.8700563907623291,Clear Non-Reply,0.5972743034362793,Clear Non-Reply
58,Clear Reply,Clear Non-Reply,0.387987732887268,Ambivalent,0.5704870223999023,Clear Reply,0.7188611030578613,Ambivalent,0.5929003357887268,Clear Reply,0.7990812659263611,Ambivalent,0.8944570422172546,Clear Non-Reply,0.7234477996826172,Clear Non-Reply,0.5405889749526978,Ambivalent
59,Ambivalent,Ambivalent,0.5754485726356506,Ambivalent,0.9910129904747008,Clear Reply,0.5147385597229004,Ambivalent,0.992855668067932,Ambivalent,0.8998755812644958,Clear Reply,0.8440994620323181,Ambivalent,0.6847653985023499,Ambivalent,0.6452769637107849,Ambivalent
60,Clear Reply,Clear Reply,0.7528004050254822,Clear Reply,0.9864709973335266,Clear Non-Reply,0.5886701345443726,Clear Reply,0.9675215482711792,Ambivalent,0.6057926416397095,Ambivalent,0.8451170325279236,Ambivalent,0.679561197757721,Clear Non-Reply,0.9815521836280824,Clear Reply
61,Clear Reply,Clear Reply,0.8786076307296753,Clear Reply,0.99040025472641,Clear Reply,0.8827481269836426,Clear Reply,0.992453396320343,Clear Reply,0.9880648255348206,Clear Reply,0.981981098651886,Clear Reply,0.7458691596984863,Clear Reply,0.5620591044425964,Clear Reply
62,Ambivalent,Ambivalent,0.5511705279350281,Ambivalent,0.8690093159675598,Ambivalent,0.6266019344329834,Ambivalent,0.9968523383140564,Clear Reply,0.8042563796043396,Ambivalent,0.9081206917762756,Clear Reply,0.5015524625778198,Ambivalent,0.7271101474761963,Ambivalent
63,Clear Reply,Clear Reply,0.8795448541641235,Clear Reply,0.9518713355064392,Clear Reply,0.8271771669387817,Ambivalent,0.6970292329788208,Clear Reply,0.8079937696456909,Clear Reply,0.8919801712036133,Clear Reply,0.7286689281463623,Clear Reply,0.5676236748695374,Clear Reply
64,Ambivalent,Ambivalent,0.5099295973777771,Ambivalent,0.9723420739173888,Ambivalent,0.729744553565979,Ambivalent,0.999385952949524,Ambivalent,0.9540823698043824,Ambivalent,0.8676661849021912,Ambivalent,0.6210388541221619,Ambivalent,0.7282364964485168,Ambivalent
65,Ambivalent,Clear Reply,0.707014799118042,Clear Reply,0.627261221408844,Ambivalent,0.5990214943885803,Clear Reply,0.977501630783081,Clear Reply,0.614579975605011,Clear Reply,0.9223490953445436,Ambivalent,0.5056466460227966,Ambivalent,0.5817001461982727,Clear Reply
66,Clear Reply,Clear Reply,0.6524227261543274,Clear Reply,0.9958914518356324,Clear Reply,0.5547009110450745,Clear Reply,0.9196683764457704,Clear Reply,0.8340069651603699,Clear Reply,0.937502384185791,Ambivalent,0.6042400002479553,Ambivalent,0.5299919843673706,Clear Reply
67,Clear Reply,Ambivalent,0.5303421020507812,Clear Reply,0.6502099633216858,Ambivalent,0.6018393039703369,Ambivalent,0.9231134653091432,Ambivalent,0.9097177982330322,Ambivalent,0.6997406482696533,Ambivalent,0.6192777156829834,Ambivalent,0.7385324239730835,Ambivalent
68,Ambivalent,Ambivalent,0.6030511856079102,Ambivalent,0.9926462173461914,Ambivalent,0.5011555552482605,Clear Reply,0.9685614705085754,Clear Reply,0.5737181305885315,Clear Reply,0.7128304839134216,Ambivalent,0.5084505677223206,Ambivalent,0.6358900666236877,Ambivalent
69,Clear Reply,Clear Reply,0.6742202043533325,Clear Reply,0.5235579013824463,Clear Reply,0.583406388759613,Clear Reply,0.6227651238441467,Ambivalent,0.9632970094680786,Clear Reply,0.7364163994789124,Clear Reply,0.5915066003799438,Ambivalent,0.619394063949585,Clear Reply
70,Clear Reply,Clear Reply,0.8121882081031799,Clear Reply,0.8300986289978027,Ambivalent,0.6653523445129395,Clear Reply,0.5478230714797974,Ambivalent,0.6761126518249512,Ambivalent,0.6430687308311462,Ambivalent,0.6879991888999939,Ambivalent,0.710955023765564,Ambivalent
71,Clear Non-Reply,Clear Non-Reply,0.7677664160728455,Clear Non-Reply,0.9114481806755066,Ambivalent,0.611336350440979,Clear Non-Reply,0.9527103304862976,Clear Non-Reply,0.7109531760215759,Clear Non-Reply,0.6497395634651184,Clear Non-Reply,0.9269400238990784,Clear Non-Reply,0.6007575392723083,Clear Non-Reply
72,Clear Non-Reply,Clear Non-Reply,0.7309380173683167,Clear Non-Reply,0.993599534034729,Clear Non-Reply,0.4551179409027099,Clear Non-Reply,0.9935976266860962,Clear Non-Reply,0.9974491000175476,Clear Non-Reply,0.989247977733612,Clear Non-Reply,0.9648870229721068,Clear Non-Reply,0.9935186505317688,Clear Non-Reply
73,Clear Reply,Clear Reply,0.6009289622306824,Ambivalent,0.9950114488601683,Clear Reply,0.6765780448913574,Clear Reply,0.8361408114433289,Ambivalent,0.9422346949577332,Clear Reply,0.7356362342834473,Clear Reply,0.570987343788147,Ambivalent,0.5126655101776123,Clear Reply
74,Ambivalent,Ambivalent,0.6700213551521301,Ambivalent,0.792923092842102,Ambivalent,0.6394714117050171,Ambivalent,0.9718870520591736,Ambivalent,0.9675090312957764,Ambivalent,0.8151189684867859,Ambivalent,0.6054397225379944,Ambivalent,0.6591824293136597,Ambivalent
75,Ambivalent,Ambivalent,0.6111451387405396,Clear Reply,0.985398769378662,Ambivalent,0.6677688360214233,Ambivalent,0.9632543325424194,Ambivalent,0.9362245202064514,Ambivalent,0.8945302963256836,Ambivalent,0.5984027981758118,Ambivalent,0.7076296806335449,Ambivalent
76,Clear Reply,Ambivalent,0.5125235319137573,Clear Reply,0.9918381571769714,Clear Reply,0.5536931753158569,Clear Reply,0.9454650282859802,Clear Reply,0.7181831002235413,Clear Reply,0.9070147275924684,Ambivalent,0.6030349731445312,Ambivalent,0.5363286733627319,Clear Reply
77,Ambivalent,Ambivalent,0.6336514949798584,Ambivalent,0.9934720993041992,Clear Non-Reply,0.6325723528862,Ambivalent,0.9782060384750366,Ambivalent,0.9379420876502992,Ambivalent,0.9093496799468994,Ambivalent,0.6206575036048889,Ambivalent,0.6793039441108704,Ambivalent
78,Ambivalent,Clear Reply,0.6028551459312439,Ambivalent,0.869041919708252,Ambivalent,0.5344032049179077,Ambivalent,0.9958112239837646,Ambivalent,0.8482915759086609,Ambivalent,0.6101938486099243,Ambivalent,0.6106162071228027,Ambivalent,0.6283431649208069,Ambivalent
79,Ambivalent,Clear Reply,0.7104938626289368,Ambivalent,0.9292183518409728,Clear Reply,0.6682736873626709,Clear Reply,0.7032206654548645,Clear Reply,0.9696808457374572,Clear Reply,0.5070169568061829,Ambivalent,0.5929051041603088,Ambivalent,0.5272287130355835,Clear Reply
80,Clear Reply,Clear Reply,0.5719937682151794,Clear Reply,0.985200047492981,Clear Reply,0.6444984674453735,Clear Reply,0.8729757070541382,Clear Reply,0.9824511408805848,Clear Reply,0.7866423726081848,Clear Reply,0.7337141633033752,Clear Reply,0.7267264127731323,Clear Reply
81,Ambivalent,Ambivalent,0.5205572843551636,Ambivalent,0.8015254139900208,Ambivalent,0.5363665223121643,Clear Non-Reply,0.9785850048065186,Clear Non-Reply,0.6251423954963684,Ambivalent,0.7893106341362,Ambivalent,0.5269761681556702,Ambivalent,0.5684266686439514,Ambivalent
82,Ambivalent,Ambivalent,0.6820107698440552,Ambivalent,0.9647477269172668,Ambivalent,0.5813242197036743,Ambivalent,0.9953573346138,Ambivalent,0.9397765398025512,Ambivalent,0.6701272130012512,Ambivalent,0.5408266186714172,Ambivalent,0.636809229850769,Ambivalent
83,Ambivalent,Clear Non-Reply,0.8922644257545471,Clear Non-Reply,0.9966458678245544,Ambivalent,0.5088650584220886,Clear Non-Reply,0.9090214371681212,Clear Non-Reply,0.8215094804763794,Clear Non-Reply,0.941886842250824,Clear Non-Reply,0.5162952542304993,Clear Non-Reply,0.949109435081482,Clear Non-Reply
84,Clear Non-Reply,Clear Non-Reply,0.6973863840103149,Clear Non-Reply,0.9991042017936708,Clear Non-Reply,0.6878505945205688,Clear Non-Reply,0.5028747916221619,Ambivalent,0.8807879686355591,Clear Non-Reply,0.924910008907318,Clear Non-Reply,0.8180464506149292,Clear Non-Reply,0.9576070308685304,Clear Non-Reply
85,Ambivalent,Clear Reply,0.5462343692779541,Clear Reply,0.9879967570304872,Ambivalent,0.4886487126350403,Ambivalent,0.9548471570014954,Clear Reply,0.7676868438720703,Clear Reply,0.8218748569488525,Clear Reply,0.5137935280799866,Ambivalent,0.5239459872245789,Clear Reply
86,Ambivalent,Ambivalent,0.5399133563041687,Ambivalent,0.9803333878517152,Ambivalent,0.56039959192276,Ambivalent,0.9597961902618408,Ambivalent,0.9659590721130372,Ambivalent,0.719535231590271,Ambivalent,0.6191303133964539,Ambivalent,0.6377153992652893,Ambivalent
87,Clear Reply,Clear Reply,0.8608111143112183,Clear Reply,0.9074297547340392,Clear Reply,0.6004233956336975,Clear Reply,0.5668532848358154,Clear Reply,0.9733276963233948,Clear Reply,0.8954499363899231,Ambivalent,0.6339794397354126,Ambivalent,0.5468866229057312,Clear Reply
88,Clear Non-Reply,Clear Non-Reply,0.7864962816238403,Clear Non-Reply,0.9900131225585938,Clear Non-Reply,0.907983124256134,Ambivalent,0.9258208274841307,Clear Non-Reply,0.8610599637031555,Clear Non-Reply,0.8991069197654724,Ambivalent,0.5638664364814758,Ambivalent,0.6601241230964661,Clear Non-Reply
89,Clear Reply,Ambivalent,0.5176665782928467,Clear Reply,0.7407765984535217,Ambivalent,0.6200682520866394,Ambivalent,0.9840923547744752,Ambivalent,0.9579178094863892,Ambivalent,0.7914651036262512,Ambivalent,0.6302716732025146,Ambivalent,0.720469057559967,Ambivalent
90,Clear Reply,Ambivalent,0.5234763622283936,Ambivalent,0.9331938028335572,Ambivalent,0.5536070466041565,Ambivalent,0.996515154838562,Ambivalent,0.5721988677978516,Clear Non-Reply,0.6901760697364807,Ambivalent,0.6248534917831421,Ambivalent,0.736632227897644,Ambivalent
91,Ambivalent,Ambivalent,0.7648032903671265,Ambivalent,0.9723201990127563,Clear Reply,0.5166764259338379,Ambivalent,0.5373736023902893,Ambivalent,0.828436017036438,Ambivalent,0.5991095304489136,Ambivalent,0.5870864987373352,Ambivalent,0.5528753399848938,Ambivalent
92,Ambivalent,Ambivalent,0.6302808523178101,Ambivalent,0.9964324235916138,Ambivalent,0.690424382686615,Ambivalent,0.9975730776786804,Ambivalent,0.7708075046539307,Clear Reply,0.843839168548584,Clear Reply,0.6453126668930054,Ambivalent,0.6187202334403992,Ambivalent
93,Clear Reply,Ambivalent,0.5870383977890015,Ambivalent,0.9560194611549376,Ambivalent,0.5055500864982605,Ambivalent,0.7547325491905212,Ambivalent,0.8497418165206909,Ambivalent,0.8253172039985657,Ambivalent,0.5763177275657654,Ambivalent,0.7385185956954956,Ambivalent
94,Clear Non-Reply,Clear Reply,0.9342172145843506,Clear Reply,0.960294783115387,Clear Non-Reply,0.3509063124656677,Clear Reply,0.9797894954681396,Clear Non-Reply,0.9966789484024048,Clear Non-Reply,0.8286218643188477,Clear Non-Reply,0.7249484658241272,Clear Non-Reply,0.5750334858894348,Clear Non-Reply
95,Ambivalent,Clear Non-Reply,0.6386373043060303,Ambivalent,0.91153085231781,Ambivalent,0.6446507573127747,Ambivalent,0.8526073694229126,Ambivalent,0.9159345030784608,Clear Non-Reply,0.9391547441482544,Ambivalent,0.6612226963043213,Clear Non-Reply,0.6992595195770264,Ambivalent
96,Ambivalent,Ambivalent,0.6883313059806824,Ambivalent,0.9554607272148132,Ambivalent,0.6912280917167664,Ambivalent,0.9911277294158936,Ambivalent,0.9722646474838256,Ambivalent,0.5234843492507935,Ambivalent,0.5883398056030273,Ambivalent,0.5844904184341431,Ambivalent
97,Clear Reply,Ambivalent,0.569369375705719,Ambivalent,0.6889861822128296,Ambivalent,0.6630820631980896,Ambivalent,0.9241917729377748,Ambivalent,0.9656769633293152,Ambivalent,0.8292725086212158,Ambivalent,0.5512340664863586,Ambivalent,0.7150976657867432,Ambivalent
98,Ambivalent,Ambivalent,0.5510220527648926,Clear Reply,0.9533457159996032,Ambivalent,0.6136006116867065,Ambivalent,0.8614112734794617,Ambivalent,0.962952435016632,Ambivalent,0.9234654903411864,Ambivalent,0.6013036966323853,Ambivalent,0.736284613609314,Ambivalent
99,Ambivalent,Ambivalent,0.8494438529014587,Ambivalent,0.9957809448242188,Clear Non-Reply,0.5845534205436707,Ambivalent,0.934850811958313,Ambivalent,0.705111563205719,Ambivalent,0.953377366065979,Ambivalent,0.6559413075447083,Ambivalent,0.7407162189483643,Ambivalent
100,Ambivalent,Clear Non-Reply,0.5337767601013184,Ambivalent,0.8449662923812866,Ambivalent,0.4989218711853027,Ambivalent,0.6872166395187378,Ambivalent,0.7817626595497131,Ambivalent,0.9221503138542176,Ambivalent,0.5926346182823181,Clear Non-Reply,0.5215250849723816,Ambivalent
101,Clear Reply,Clear Reply,0.7829285860061646,Ambivalent,0.8206711411476135,Clear Reply,0.8034729361534119,Clear Reply,0.9535537958145142,Clear Reply,0.9416359663009644,Clear Reply,0.7505670785903931,Clear Reply,0.7718240022659302,Clear Reply,0.6337900757789612,Clear Reply
102,Clear Reply,Clear Reply,0.6271584630012512,Ambivalent,0.6790986061096191,Clear Reply,0.5070856213569641,Ambivalent,0.993174970149994,Clear Reply,0.9028540849685668,Clear Reply,0.7359178066253662,Ambivalent,0.5344322323799133,Clear Reply,0.5467597842216492,Clear Reply
103,Ambivalent,Clear Reply,0.6925696730613708,Ambivalent,0.9668142199516296,Clear Reply,0.6077204346656799,Clear Reply,0.8037684559822083,Clear Reply,0.952382266521454,Clear Reply,0.9228514432907104,Clear Reply,0.6427145004272461,Ambivalent,0.5450630187988281,Clear Reply
104,Ambivalent,Ambivalent,0.7717820405960083,Ambivalent,0.990163505077362,Ambivalent,0.5925966501235962,Ambivalent,0.9883823990821838,Ambivalent,0.9074500203132628,Ambivalent,0.7257705330848694,Ambivalent,0.6064237952232361,Ambivalent,0.6285240650177002,Ambivalent
105,Ambivalent,Ambivalent,0.7810747027397156,Clear Reply,0.7988178730010986,Ambivalent,0.6371825337409973,Ambivalent,0.9936628341674804,Ambivalent,0.9709693193435668,Ambivalent,0.7960127592086792,Ambivalent,0.6365197896957397,Ambivalent,0.7367663979530334,Ambivalent
106,Ambivalent,Clear Reply,0.5845269560813904,Ambivalent,0.9644290804862976,Ambivalent,0.4986169040203094,Ambivalent,0.9973626732826232,Clear Reply,0.719969630241394,Ambivalent,0.8245060443878174,Ambivalent,0.6792280673980713,Ambivalent,0.6188281774520874,Ambivalent
107,Ambivalent,Ambivalent,0.6982030868530273,Ambivalent,0.9118032455444336,Ambivalent,0.6880506277084351,Ambivalent,0.98690003156662,Ambivalent,0.966161012649536,Ambivalent,0.88265061378479,Ambivalent,0.6038307547569275,Ambivalent,0.6762159466743469,Ambivalent
108,Clear Non-Reply,Clear Non-Reply,0.72865229845047,Clear Reply,0.9144641160964966,Ambivalent,0.5988189578056335,Ambivalent,0.9757542610168456,Ambivalent,0.9301938414573668,Clear Non-Reply,0.7235068678855896,Clear Non-Reply,0.8978484272956848,Clear Non-Reply,0.535546064376831,Clear Non-Reply
109,Ambivalent,Clear Reply,0.5565245747566223,Ambivalent,0.7453237771987915,Ambivalent,0.5439071655273438,Ambivalent,0.754001259803772,Ambivalent,0.5010703206062317,Ambivalent,0.7966791987419128,Ambivalent,0.5275354385375977,Ambivalent,0.7386583685874939,Ambivalent
110,Ambivalent,Clear Reply,0.5609502196311951,Ambivalent,0.9850794076919556,Ambivalent,0.6048126220703125,Ambivalent,0.6346080899238586,Ambivalent,0.951474666595459,Clear Reply,0.6997195482254028,Ambivalent,0.6112093925476074,Ambivalent,0.6898629069328308,Ambivalent
111,Ambivalent,Ambivalent,0.7869095206260681,Ambivalent,0.992226243019104,Ambivalent,0.5601244568824768,Ambivalent,0.9715733528137208,Ambivalent,0.9665119051933287,Ambivalent,0.8259865045547485,Ambivalent,0.5845068693161011,Ambivalent,0.6723437309265137,Ambivalent
112,Ambivalent,Ambivalent,0.5179786682128906,Clear Non-Reply,0.9992395639419556,Clear Reply,0.5844465494155884,Ambivalent,0.9965189695358276,Clear Non-Reply,0.9687619805336,Ambivalent,0.9177600741386414,Ambivalent,0.6008275151252747,Clear Non-Reply,0.8160808682441711,Ambivalent
113,Clear Reply,Clear Reply,0.5454574823379517,Ambivalent,0.9222856163978576,Ambivalent,0.6446510553359985,Ambivalent,0.9620131254196168,Clear Reply,0.817238450050354,Ambivalent,0.8578779697418213,Clear Reply,0.5073833465576172,Ambivalent,0.7330589294433594,Ambivalent
114,Ambivalent,Ambivalent,0.581477701663971,Ambivalent,0.8923417925834656,Ambivalent,0.6013648509979248,Ambivalent,0.9977574944496156,Ambivalent,0.9687982201576232,Ambivalent,0.568034827709198,Ambivalent,0.704902172088623,Ambivalent,0.7299326062202454,Ambivalent
115,Ambivalent,Ambivalent,0.7784083485603333,Ambivalent,0.9844312071800232,Ambivalent,0.7458849549293518,Ambivalent,0.9896656274795532,Ambivalent,0.6674089431762695,Ambivalent,0.8314715027809143,Ambivalent,0.631876528263092,Ambivalent,0.7415675520896912,Ambivalent
116,Ambivalent,Ambivalent,0.6380663514137268,Ambivalent,0.9876106977462769,Ambivalent,0.5818498730659485,Ambivalent,0.9735259413719176,Clear Reply,0.509828507900238,Ambivalent,0.6872179508209229,Ambivalent,0.583006739616394,Ambivalent,0.7044157981872559,Ambivalent
117,Clear Reply,Clear Reply,0.6474302411079407,Clear Reply,0.8455055356025696,Clear Reply,0.480644017457962,Ambivalent,0.971997082233429,Ambivalent,0.9553857445716858,Ambivalent,0.5444029569625854,Clear Reply,0.5812529921531677,Ambivalent,0.6574716567993164,Ambivalent
118,Ambivalent,Ambivalent,0.5405888557434082,Ambivalent,0.9502938985824584,Ambivalent,0.5680648684501648,Clear Reply,0.6600528359413147,Ambivalent,0.520421028137207,Ambivalent,0.6750975847244263,Ambivalent,0.5026476979255676,Ambivalent,0.6595855951309204,Ambivalent
119,Ambivalent,Clear Reply,0.7684842944145203,Clear Reply,0.8845775127410889,Clear Reply,0.853449821472168,Clear Reply,0.9972883462905884,Clear Reply,0.9870900511741638,Clear Reply,0.9593393206596376,Ambivalent,0.692356288433075,Ambivalent,0.7313404679298401,Clear Reply
120,Ambivalent,Ambivalent,0.788987934589386,Ambivalent,0.8431782126426697,Clear Reply,0.513364851474762,Ambivalent,0.9776793122291564,Ambivalent,0.9492241740226746,Ambivalent,0.8407233953475952,Ambivalent,0.5562534928321838,Ambivalent,0.5668491721153259,Ambivalent
121,Clear Reply,Clear Reply,0.9424182176589966,Clear Reply,0.9932044744491576,Clear Reply,0.7838379144668579,Clear Reply,0.9983807802200316,Clear Reply,0.9881595373153688,Clear Reply,0.9872089624404908,Clear Reply,0.8506941199302673,Clear Reply,0.8631671667098999,Clear Reply
122,Clear Reply,Clear Reply,0.8166034817695618,Clear Reply,0.57552170753479,Clear Reply,0.7756008505821228,Ambivalent,0.931769073009491,Clear Reply,0.9378697276115416,Clear Reply,0.964840292930603,Clear Reply,0.5768918395042419,Clear Reply,0.5782345533370972,Clear Reply
123,Ambivalent,Ambivalent,0.4170800745487213,Ambivalent,0.8615553975105286,Ambivalent,0.6250343918800354,Ambivalent,0.978448748588562,Ambivalent,0.9612146615982056,Clear Non-Reply,0.6842049956321716,Ambivalent,0.5227081775665283,Ambivalent,0.7023482918739319,Ambivalent
124,Clear Reply,Clear Reply,0.6153655052185059,Clear Reply,0.9202349781990052,Clear Reply,0.5040521621704102,Clear Reply,0.8318747878074646,Clear Reply,0.8889924883842468,Clear Reply,0.5546277761459351,Ambivalent,0.5827983021736145,Ambivalent,0.5486841797828674,Clear Reply
125,Clear Reply,Clear Reply,0.5467888116836548,Clear Reply,0.9857264757156372,Clear Reply,0.7208005785942078,Ambivalent,0.9829219579696656,Clear Reply,0.7706923484802246,Ambivalent,0.5540356636047363,Clear Reply,0.7962156534194946,Ambivalent,0.5087888836860657,Clear Reply
126,Ambivalent,Ambivalent,0.7198094129562378,Ambivalent,0.9952656030654908,Ambivalent,0.6221739053726196,Ambivalent,0.9976213574409484,Ambivalent,0.9652529358863832,Ambivalent,0.8286710381507874,Ambivalent,0.646726667881012,Ambivalent,0.6948671340942383,Ambivalent
127,Ambivalent,Ambivalent,0.7218537330627441,Ambivalent,0.991758406162262,Ambivalent,0.6828295588493347,Ambivalent,0.9886866807937622,Ambivalent,0.9673264026641846,Ambivalent,0.9061433672904968,Ambivalent,0.599967360496521,Ambivalent,0.6440237164497375,Ambivalent
128,Ambivalent,Ambivalent,0.7760538458824158,Ambivalent,0.9912735819816588,Clear Reply,0.7741778492927551,Ambivalent,0.9979299306869508,Clear Reply,0.6180931329727173,Ambivalent,0.8702625632286072,Ambivalent,0.7380580902099609,Ambivalent,0.7386596202850342,Ambivalent
129,Ambivalent,Ambivalent,0.4208527505397796,Ambivalent,0.6955875754356384,Ambivalent,0.6886302828788757,Ambivalent,0.7583181858062744,Clear Non-Reply,0.7476074695587158,Clear Non-Reply,0.9070794582366944,Ambivalent,0.5676959753036499,Clear Non-Reply,0.6186358332633972,Ambivalent
130,Ambivalent,Ambivalent,0.870801568031311,Ambivalent,0.9962389469146729,Ambivalent,0.5700242519378662,Ambivalent,0.9976589679718018,Ambivalent,0.952294945716858,Ambivalent,0.956103265285492,Ambivalent,0.6597415208816528,Ambivalent,0.746611475944519,Ambivalent
131,Ambivalent,Ambivalent,0.435641348361969,Clear Non-Reply,0.9303200244903564,Ambivalent,0.658373236656189,Ambivalent,0.9974850416183472,Ambivalent,0.9323557615280152,Clear Non-Reply,0.5753437280654907,Clear Non-Reply,0.4802949130535126,Clear Non-Reply,0.4854198694229126,Ambivalent
132,Ambivalent,Ambivalent,0.5414174795150757,Ambivalent,0.9895477294921876,Ambivalent,0.5771220326423645,Clear Non-Reply,0.9831311702728271,Ambivalent,0.9401673078536988,Ambivalent,0.9272167682647704,Ambivalent,0.722841203212738,Clear Non-Reply,0.6390581727027893,Ambivalent
133,Clear Reply,Clear Reply,0.6478084325790405,Clear Reply,0.9888534545898438,Clear Reply,0.5031614303588867,Ambivalent,0.9827484488487244,Clear Reply,0.8978190422058105,Clear Reply,0.939990222454071,Ambivalent,0.5007469654083252,Ambivalent,0.5167620182037354,Clear Reply
134,Ambivalent,Ambivalent,0.6815319061279297,Ambivalent,0.9336872696876526,Ambivalent,0.6848846077919006,Ambivalent,0.987762987613678,Ambivalent,0.9691382646560668,Ambivalent,0.7736978530883789,Ambivalent,0.607598066329956,Ambivalent,0.7320910692214966,Ambivalent
135,Ambivalent,Clear Reply,0.764834463596344,Clear Reply,0.8761321902275085,Ambivalent,0.4815227687358856,Ambivalent,0.9487261176109314,Clear Reply,0.6919472217559814,Clear Reply,0.8099119663238525,Clear Reply,0.5440412759780884,Ambivalent,0.6545019149780273,Clear Reply
136,Ambivalent,Clear Reply,0.5098524689674377,Ambivalent,0.9670603275299072,Clear Reply,0.6065321564674377,Ambivalent,0.9191254377365112,Clear Reply,0.9578500986099244,Clear Reply,0.7356919646263123,Clear Reply,0.629868745803833,Ambivalent,0.5744442939758301,Clear Reply
137,Ambivalent,Ambivalent,0.6844024658203125,Ambivalent,0.9725863933563232,Ambivalent,0.6059623956680298,Ambivalent,0.9972199201583862,Ambivalent,0.9588293433189392,Ambivalent,0.8846454620361328,Ambivalent,0.5611453056335449,Ambivalent,0.6130409240722656,Ambivalent
138,Ambivalent,Clear Reply,0.9080251455307008,Clear Reply,0.9129632115364076,Clear Reply,0.7654434442520142,Ambivalent,0.9570733308792114,Ambivalent,0.5080822706222534,Clear Reply,0.9101040363311768,Clear Reply,0.7111144065856934,Ambivalent,0.5343348383903503,Clear Reply
139,Clear Reply,Ambivalent,0.3955224156379699,Ambivalent,0.7863492369651794,Clear Reply,0.4949687719345093,Clear Non-Reply,0.9937200546264648,Clear Non-Reply,0.4932807385921478,Ambivalent,0.9111248254776,Clear Non-Reply,0.7488188743591309,Clear Non-Reply,0.7458004951477051,Clear Non-Reply
140,Ambivalent,Clear Reply,0.8954600691795349,Clear Reply,0.8869388103485107,Clear Reply,0.8125561475753784,Clear Reply,0.9460030198097228,Ambivalent,0.96806001663208,Clear Reply,0.9470928907394408,Clear Reply,0.7578925490379333,Clear Reply,0.7989299893379211,Clear Reply
141,Clear Reply,Clear Reply,0.8396300077438354,Clear Reply,0.9307931065559388,Clear Reply,0.6301140189170837,Clear Reply,0.9869780540466307,Clear Reply,0.96846204996109,Clear Reply,0.9359387159347534,Clear Reply,0.6137399673461914,Clear Reply,0.5673897862434387,Clear Reply
142,Ambivalent,Ambivalent,0.7544143199920654,Ambivalent,0.6802600622177124,Ambivalent,0.5883690118789673,Clear Reply,0.721078634262085,Ambivalent,0.9508550763130188,Ambivalent,0.919614851474762,Ambivalent,0.6196206212043762,Ambivalent,0.689873456954956,Ambivalent
143,Ambivalent,Ambivalent,0.5342006683349609,Ambivalent,0.9308820366859436,Ambivalent,0.5314019918441772,Ambivalent,0.987785577774048,Ambivalent,0.9701266884803772,Ambivalent,0.7231000661849976,Ambivalent,0.6131888628005981,Ambivalent,0.6587489247322083,Ambivalent
144,Clear Reply,Clear Reply,0.5202799439430237,Ambivalent,0.5896071195602417,Ambivalent,0.4979321956634521,Ambivalent,0.9765534996986388,Ambivalent,0.9370306730270386,Ambivalent,0.8907065391540527,Ambivalent,0.6164320707321167,Ambivalent,0.6979220509529114,Ambivalent
145,Clear Reply,Clear Non-Reply,0.6289784908294678,Clear Non-Reply,0.9867150187492372,Clear Non-Reply,0.8842743039131165,Clear Non-Reply,0.9594776034355164,Clear Reply,0.5502206087112427,Clear Non-Reply,0.9214823842048644,Ambivalent,0.54723060131073,Clear Non-Reply,0.972195327281952,Clear Non-Reply
146,Clear Reply,Clear Reply,0.7369076013565063,Clear Reply,0.8112376928329468,Clear Reply,0.6683611273765564,Ambivalent,0.9087730646133424,Clear Reply,0.9454266428947448,Clear Reply,0.9316297769546508,Clear Reply,0.5998098254203796,Clear Reply,0.5107510685920715,Clear Reply
147,Clear Reply,Clear Reply,0.875026524066925,Clear Reply,0.9444238543510436,Clear Reply,0.792472779750824,Clear Reply,0.9964840412139891,Clear Reply,0.9880487322807312,Clear Reply,0.953097641468048,Clear Reply,0.8941124677658081,Clear Reply,0.6553846001625061,Clear Reply
148,Ambivalent,Ambivalent,0.5261906385421753,Ambivalent,0.7848079204559326,Ambivalent,0.5254848003387451,Ambivalent,0.9924052357673644,Ambivalent,0.9004780650138855,Ambivalent,0.6417198181152344,Ambivalent,0.6457197666168213,Clear Non-Reply,0.5254292488098145,Ambivalent
149,Ambivalent,Clear Reply,0.7781580090522766,Clear Reply,0.7295503616333008,Clear Non-Reply,0.4798040986061096,Ambivalent,0.9792015552520752,Clear Reply,0.9556970596313475,Clear Reply,0.7376903891563416,Ambivalent,0.4809674322605133,Ambivalent,0.6891674995422363,Clear Reply
150,Clear Reply,Clear Reply,0.9091231822967528,Clear Reply,0.7289490699768066,Clear Reply,0.5418762564659119,Clear Non-Reply,0.6530550122261047,Clear Reply,0.9196792840957642,Ambivalent,0.5361757874488831,Ambivalent,0.6672101616859436,Ambivalent,0.7445217370986938,Clear Reply
151,Ambivalent,Ambivalent,0.8144662380218506,Ambivalent,0.9350780844688416,Clear Non-Reply,0.5222795009613037,Ambivalent,0.9985698461532592,Ambivalent,0.9408406019210817,Ambivalent,0.8620391488075256,Ambivalent,0.6456129550933838,Ambivalent,0.7425228953361511,Ambivalent
152,Ambivalent,Ambivalent,0.6353898048400879,Ambivalent,0.990476131439209,Ambivalent,0.7256166934967041,Ambivalent,0.9982655644416808,Ambivalent,0.920782744884491,Ambivalent,0.8356562256813049,Ambivalent,0.6145244240760803,Ambivalent,0.6683856844902039,Ambivalent
153,Ambivalent,Ambivalent,0.8340255618095398,Ambivalent,0.9909337759017944,Ambivalent,0.7170432806015015,Ambivalent,0.9980210065841676,Ambivalent,0.9117353558540344,Ambivalent,0.8877386450767517,Ambivalent,0.6136171817779541,Ambivalent,0.6651962995529175,Ambivalent
154,Clear Reply,Clear Reply,0.6108832955360413,Clear Reply,0.7236471772193909,Clear Reply,0.4980910122394562,Clear Reply,0.961885154247284,Ambivalent,0.966289222240448,Ambivalent,0.676205575466156,Clear Reply,0.6049202680587769,Clear Reply,0.790455162525177,Clear Reply
155,Ambivalent,Ambivalent,0.551740825176239,Clear Reply,0.7885355949401855,Clear Reply,0.6939603090286255,Ambivalent,0.8862437605857849,Ambivalent,0.8322809338569641,Clear Reply,0.7588092088699341,Ambivalent,0.5731123089790344,Clear Reply,0.5481171607971191,Ambivalent
156,Ambivalent,Ambivalent,0.8153203129768372,Clear Non-Reply,0.9527587294578552,Clear Non-Reply,0.9453354477882384,Ambivalent,0.9919028878211976,Ambivalent,0.9660715460777284,Ambivalent,0.8424543142318726,Ambivalent,0.771327793598175,Ambivalent,0.7437846064567566,Ambivalent
157,Ambivalent,Clear Non-Reply,0.598576545715332,Clear Non-Reply,0.7561256289482117,Ambivalent,0.5826002359390259,Ambivalent,0.998244047164917,Ambivalent,0.7972431182861328,Clear Non-Reply,0.8288710713386536,Ambivalent,0.6827479004859924,Clear Non-Reply,0.9707446098327636,Ambivalent
158,Clear Reply,Clear Reply,0.7695727348327637,Clear Reply,0.9855835437774658,Clear Reply,0.7086421251296997,Clear Reply,0.6710838079452515,Clear Reply,0.9323256015777588,Clear Reply,0.9217527508735656,Clear Reply,0.7171262502670288,Clear Reply,0.7928688526153564,Clear Reply
159,Ambivalent,Ambivalent,0.6439196467399597,Clear Non-Reply,0.9911372661590576,Clear Non-Reply,0.7902703881263733,Ambivalent,0.9968717694282532,Ambivalent,0.9284143447875975,Ambivalent,0.6616109609603882,Clear Non-Reply,0.5074425339698792,Ambivalent,0.732605516910553,Ambivalent
160,Ambivalent,Clear Reply,0.6191301941871643,Ambivalent,0.864977240562439,Clear Reply,0.5848206281661987,Ambivalent,0.9455470442771912,Clear Reply,0.9220409989356996,Ambivalent,0.8898063898086548,Ambivalent,0.6100839972496033,Ambivalent,0.6287513971328735,Ambivalent
161,Ambivalent,Clear Reply,0.5229128003120422,Clear Reply,0.970448911190033,Clear Reply,0.7841912508010864,Ambivalent,0.593232274055481,Ambivalent,0.6640172600746155,Ambivalent,0.8687493205070496,Clear Reply,0.6069441437721252,Clear Reply,0.5158293843269348,Clear Reply
162,Ambivalent,Ambivalent,0.6287590861320496,Ambivalent,0.7263980507850647,Ambivalent,0.5420907139778137,Ambivalent,0.4936510324478149,Clear Non-Reply,0.6250925064086914,Ambivalent,0.7637205719947815,Ambivalent,0.5323566794395447,Clear Non-Reply,0.4797625541687011,Ambivalent
163,Clear Reply,Ambivalent,0.7268635630607605,Ambivalent,0.9906517267227172,Ambivalent,0.6603671312332153,Ambivalent,0.9977783560752868,Ambivalent,0.6586911082267761,Clear Reply,0.6722477674484253,Ambivalent,0.6532241106033325,Ambivalent,0.7363596558570862,Ambivalent
164,Clear Reply,Clear Reply,0.9423272013664246,Clear Reply,0.9964597821235656,Clear Reply,0.8504749536514282,Clear Reply,0.964301824569702,Clear Reply,0.9884747862815856,Clear Reply,0.9586138129234314,Clear Reply,0.797210693359375,Clear Reply,0.8325303196907043,Clear Reply
165,Clear Reply,Ambivalent,0.550836443901062,Clear Reply,0.5549442172050476,Ambivalent,0.5902323126792908,Ambivalent,0.9152977466583252,Clear Reply,0.8939270377159119,Ambivalent,0.573797881603241,Ambivalent,0.5501840710639954,Clear Reply,0.5188075304031372,Ambivalent
166,Ambivalent,Clear Reply,0.6433355808258057,Ambivalent,0.994537889957428,Ambivalent,0.4862526059150696,Ambivalent,0.9984117746353148,Ambivalent,0.9676364660263062,Clear Reply,0.5109632611274719,Ambivalent,0.6885454058647156,Ambivalent,0.5478785634040833,Ambivalent
167,Ambivalent,Ambivalent,0.7917234897613525,Clear Non-Reply,0.9885536432266236,Clear Non-Reply,0.9527190923690796,Ambivalent,0.93095064163208,Clear Non-Reply,0.974769413471222,Clear Non-Reply,0.9650675058364868,Clear Non-Reply,0.940978229045868,Clear Non-Reply,0.9891527891159058,Clear Non-Reply
168,Ambivalent,Ambivalent,0.8482645750045776,Clear Non-Reply,0.983993113040924,Ambivalent,0.5767629742622375,Ambivalent,0.8952032923698425,Ambivalent,0.9659606218338012,Clear Reply,0.8552590012550354,Clear Non-Reply,0.8578322529792786,Ambivalent,0.7454018592834473,Ambivalent
169,Ambivalent,Clear Reply,0.5494954586029053,Ambivalent,0.9875031113624572,Ambivalent,0.6160163879394531,Ambivalent,0.7781779170036316,Clear Reply,0.9741989374160768,Ambivalent,0.8179128766059875,Clear Reply,0.510276198387146,Ambivalent,0.6713915467262268,Ambivalent
170,Ambivalent,Ambivalent,0.6212268471717834,Ambivalent,0.5628974437713623,Ambivalent,0.5943624377250671,Ambivalent,0.9981474876403807,Ambivalent,0.96104896068573,Ambivalent,0.6106712818145752,Ambivalent,0.5902575254440308,Ambivalent,0.5746816396713257,Ambivalent
171,Clear Reply,Clear Reply,0.5103462934494019,Ambivalent,0.995814859867096,Ambivalent,0.590157151222229,Ambivalent,0.9964879751205444,Clear Reply,0.5908453464508057,Ambivalent,0.8679981827735901,Ambivalent,0.6167681813240051,Ambivalent,0.6413636207580566,Ambivalent
172,Ambivalent,Ambivalent,0.4170835614204407,Ambivalent,0.7990260124206543,Ambivalent,0.4948666989803314,Ambivalent,0.9907853603363036,Ambivalent,0.9170657992362976,Clear Non-Reply,0.6321619749069214,Ambivalent,0.5169003009796143,Ambivalent,0.7111701965332031,Ambivalent
173,Ambivalent,Ambivalent,0.6356784701347351,Ambivalent,0.9957828521728516,Ambivalent,0.7346853017807007,Ambivalent,0.97342050075531,Ambivalent,0.9649046659469604,Ambivalent,0.8949732184410095,Ambivalent,0.6069086194038391,Ambivalent,0.5678541660308838,Ambivalent
174,Clear Reply,Clear Reply,0.6068457365036011,Clear Reply,0.8382508754730225,Clear Reply,0.5410975217819214,Ambivalent,0.9964309930801392,Clear Reply,0.9797937273979188,Ambivalent,0.7268458008766174,Ambivalent,0.5680522322654724,Ambivalent,0.6640414595603943,Ambivalent
175,Ambivalent,Ambivalent,0.5153586268424988,Clear Reply,0.9130652546882628,Ambivalent,0.5575369000434875,Clear Reply,0.9628477692604064,Ambivalent,0.561944842338562,Clear Reply,0.7363242506980896,Clear Non-Reply,0.6197127103805542,Ambivalent,0.694307267665863,Ambivalent
176,Ambivalent,Ambivalent,0.6131587028503418,Clear Reply,0.7170283794403076,Ambivalent,0.7003672122955322,Ambivalent,0.99788099527359,Ambivalent,0.968735933303833,Ambivalent,0.8982085585594177,Ambivalent,0.6108368039131165,Ambivalent,0.5703200101852417,Ambivalent
177,Ambivalent,Ambivalent,0.8089352250099182,Ambivalent,0.9466758966445924,Ambivalent,0.5379301905632019,Ambivalent,0.9990980625152588,Ambivalent,0.9667543768882751,Clear Non-Reply,0.5835024118423462,Ambivalent,0.6939579248428345,Ambivalent,0.7040994763374329,Ambivalent
178,Ambivalent,Ambivalent,0.7612120509147644,Clear Reply,0.9764293432235718,Ambivalent,0.648525595664978,Ambivalent,0.9979519248008728,Ambivalent,0.8957280516624451,Ambivalent,0.7559109330177307,Ambivalent,0.56276535987854,Ambivalent,0.5800943970680237,Ambivalent
179,Ambivalent,Clear Non-Reply,0.5265132784843445,Ambivalent,0.9054083824157716,Ambivalent,0.6743453145027161,Ambivalent,0.9498928189277648,Ambivalent,0.8916706442832947,Ambivalent,0.8011547923088074,Ambivalent,0.6839109659194946,Ambivalent,0.7423658967018127,Ambivalent
180,Ambivalent,Ambivalent,0.5895643830299377,Ambivalent,0.9847071766853333,Ambivalent,0.6393778920173645,Clear Reply,0.8441820740699768,Ambivalent,0.9481850266456604,Clear Reply,0.7214899063110352,Ambivalent,0.5901802182197571,Ambivalent,0.6373987793922424,Ambivalent
181,Ambivalent,Clear Non-Reply,0.4785670340061188,Clear Non-Reply,0.8330838680267334,Ambivalent,0.6070557236671448,Ambivalent,0.9967262744903564,Ambivalent,0.965610146522522,Clear Non-Reply,0.8403456211090088,Ambivalent,0.5040851831436157,Ambivalent,0.6552862524986267,Ambivalent
182,Ambivalent,Ambivalent,0.6334699392318726,Ambivalent,0.9674025774002076,Ambivalent,0.5703784823417664,Ambivalent,0.9985777139663696,Ambivalent,0.8425561785697937,Ambivalent,0.7361499071121216,Clear Non-Reply,0.6708560585975647,Ambivalent,0.587788462638855,Ambivalent
183,Clear Non-Reply,Clear Non-Reply,0.8252937197685242,Clear Non-Reply,0.9921486377716064,Clear Non-Reply,0.8417348265647888,Clear Non-Reply,0.5453820824623108,Clear Non-Reply,0.8369455933570862,Clear Non-Reply,0.878173291683197,Ambivalent,0.5372231006622314,Ambivalent,0.6279895305633545,Clear Non-Reply
184,Clear Reply,Clear Reply,0.9375370144844056,Clear Reply,0.8976166248321533,Clear Reply,0.8734306693077087,Clear Reply,0.8011906743049622,Clear Reply,0.9886512756347656,Clear Reply,0.9855809807777404,Clear Reply,0.8676966428756714,Clear Reply,0.8229637742042542,Clear Reply
185,Ambivalent,Ambivalent,0.6446509957313538,Ambivalent,0.98544842004776,Ambivalent,0.5883059501647949,Ambivalent,0.9846941828727722,Ambivalent,0.9145318865776062,Clear Non-Reply,0.7487553954124451,Ambivalent,0.6533164381980896,Ambivalent,0.6811322569847107,Ambivalent
186,Clear Non-Reply,Clear Non-Reply,0.9917922019958496,Clear Non-Reply,0.9995812773704528,Clear Non-Reply,0.9569095373153688,Clear Non-Reply,0.9940051436424256,Clear Non-Reply,0.9978547692298888,Clear Non-Reply,0.9930143356323242,Clear Non-Reply,0.97437584400177,Clear Non-Reply,0.9936009049415588,Clear Non-Reply
187,Ambivalent,Ambivalent,0.6313309669494629,Ambivalent,0.994621753692627,Ambivalent,0.6609912514686584,Ambivalent,0.8575398325920105,Clear Reply,0.9299609661102296,Ambivalent,0.8316328525543213,Ambivalent,0.6586803197860718,Ambivalent,0.744053840637207,Ambivalent
188,Clear Non-Reply,Ambivalent,0.5597562789916992,Ambivalent,0.8053678870201111,Ambivalent,0.6171779036521912,Ambivalent,0.547538697719574,Ambivalent,0.9579426646232604,Ambivalent,0.9035638570785522,Ambivalent,0.7577735185623169,Ambivalent,0.6533921957015991,Ambivalent
189,Ambivalent,Ambivalent,0.6641024351119995,Clear Reply,0.82142174243927,Clear Reply,0.6162856817245483,Ambivalent,0.996045172214508,Ambivalent,0.9580469131469728,Ambivalent,0.8847837448120117,Ambivalent,0.5434154272079468,Ambivalent,0.5763262510299683,Ambivalent
190,Ambivalent,Ambivalent,0.860659122467041,Ambivalent,0.9946081638336182,Ambivalent,0.5532944798469543,Ambivalent,0.9992159605026244,Ambivalent,0.9678391218185424,Ambivalent,0.9346243739128112,Ambivalent,0.6023648977279663,Ambivalent,0.6803522109985352,Ambivalent
191,Clear Reply,Ambivalent,0.6455280780792236,Ambivalent,0.9055384993553162,Clear Reply,0.5062840580940247,Ambivalent,0.9985553622245787,Ambivalent,0.9203251004219056,Ambivalent,0.8449714779853821,Ambivalent,0.6451020240783691,Ambivalent,0.7363405823707581,Ambivalent
192,Ambivalent,Ambivalent,0.7016881108283997,Ambivalent,0.99458247423172,Ambivalent,0.6359419822692871,Ambivalent,0.9980937838554382,Ambivalent,0.9602106809616088,Ambivalent,0.8463534116744995,Ambivalent,0.6530647873878479,Ambivalent,0.6580996513366699,Ambivalent
193,Clear Reply,Clear Reply,0.6216295957565308,Clear Reply,0.9443746209144592,Ambivalent,0.648672878742218,Ambivalent,0.9969910383224488,Ambivalent,0.6750360131263733,Clear Reply,0.5689423084259033,Ambivalent,0.6740946173667908,Ambivalent,0.5815293788909912,Ambivalent
194,Ambivalent,Ambivalent,0.8250535130500793,Ambivalent,0.9559356570243835,Ambivalent,0.7097445726394653,Ambivalent,0.9988068342208862,Ambivalent,0.9701657295227052,Ambivalent,0.9411803483963012,Ambivalent,0.7055126428604126,Ambivalent,0.7448181509971619,Ambivalent
195,Ambivalent,Clear Reply,0.5239964127540588,Ambivalent,0.8732929825782776,Clear Reply,0.5655710697174072,Clear Reply,0.970663845539093,Clear Reply,0.9530037641525269,Clear Reply,0.8597376346588135,Ambivalent,0.5337408781051636,Ambivalent,0.6122379899024963,Clear Reply
196,Ambivalent,Clear Reply,0.8468021154403687,Clear Reply,0.9938910007476808,Clear Reply,0.8672462105751038,Clear Reply,0.992408275604248,Ambivalent,0.5692541599273682,Clear Reply,0.9096524119377136,Ambivalent,0.5270151495933533,Ambivalent,0.651617705821991,Clear Reply
197,Ambivalent,Clear Reply,0.526119589805603,Ambivalent,0.5516691207885742,Clear Reply,0.6853354573249817,Ambivalent,0.874868631362915,Ambivalent,0.9626358151435852,Ambivalent,0.6070676445960999,Ambivalent,0.6083018779754639,Clear Reply,0.5462415218353271,Ambivalent
198,Clear Reply,Ambivalent,0.5662132501602173,Ambivalent,0.8950636386871338,Clear Reply,0.6683192849159241,Clear Reply,0.9852494597434998,Clear Reply,0.6984615325927734,Clear Reply,0.6914385557174683,Ambivalent,0.5171999335289001,Ambivalent,0.6524176001548767,Clear Reply
199,Ambivalent,Ambivalent,0.7932788133621216,Ambivalent,0.9921683669090272,Clear Reply,0.5843431949615479,Clear Reply,0.6727299094200134,Clear Reply,0.5196509957313538,Ambivalent,0.9180728793144226,Ambivalent,0.6332365274429321,Ambivalent,0.7258725762367249,Ambivalent
200,Ambivalent,Ambivalent,0.5784812569618225,Ambivalent,0.9084317684173584,Ambivalent,0.6015093326568604,Ambivalent,0.7025647759437561,Clear Reply,0.8144115209579468,Ambivalent,0.7817381024360657,Ambivalent,0.5011512637138367,Ambivalent,0.6957628130912781,Ambivalent
201,Ambivalent,Clear Reply,0.8064874410629272,Clear Reply,0.9936419129371644,Clear Reply,0.5937166213989258,Clear Reply,0.8027852177619934,Ambivalent,0.8949408531188965,Clear Reply,0.719138503074646,Clear Reply,0.7572185397148132,Clear Reply,0.7718725204467773,Clear Reply
202,Ambivalent,Ambivalent,0.5373296737670898,Ambivalent,0.9940365552902222,Ambivalent,0.6726813316345215,Ambivalent,0.980439066886902,Clear Reply,0.8652699589729309,Clear Reply,0.8691721558570862,Clear Reply,0.5722565650939941,Ambivalent,0.570104718208313,Ambivalent
203,Ambivalent,Ambivalent,0.8149533867835999,Ambivalent,0.9883010983467102,Ambivalent,0.6985954642295837,Ambivalent,0.995618462562561,Ambivalent,0.9657354354858398,Ambivalent,0.60048907995224,Ambivalent,0.6132143139839172,Ambivalent,0.6588022112846375,Ambivalent
204,Ambivalent,Ambivalent,0.5307407975196838,Ambivalent,0.9408668279647828,Ambivalent,0.5485975742340088,Ambivalent,0.816983163356781,Ambivalent,0.8674328327178955,Ambivalent,0.5403604507446289,Ambivalent,0.513776957988739,Ambivalent,0.6958847045898438,Ambivalent
205,Ambivalent,Ambivalent,0.5626122355461121,Clear Reply,0.5369381904602051,Ambivalent,0.6830685138702393,Ambivalent,0.937117040157318,Ambivalent,0.9624438881874084,Ambivalent,0.8450015783309937,Ambivalent,0.6390055418014526,Ambivalent,0.7107137441635132,Ambivalent
206,Ambivalent,Ambivalent,0.7222684025764465,Clear Reply,0.7919041514396667,Clear Reply,0.612646222114563,Clear Reply,0.8932022452354431,Clear Reply,0.9831570982933044,Clear Reply,0.7764844298362732,Clear Reply,0.8665134906768799,Ambivalent,0.5160114765167236,Clear Reply
207,Ambivalent,Ambivalent,0.6830212473869324,Ambivalent,0.9852724671363832,Ambivalent,0.5968065857887268,Ambivalent,0.9021143317222596,Ambivalent,0.7729005217552185,Clear Reply,0.6272920966148376,Ambivalent,0.6329818367958069,Ambivalent,0.6828266382217407,Ambivalent
208,Ambivalent,Ambivalent,0.8296300768852234,Ambivalent,0.9920642971992492,Ambivalent,0.730573832988739,Ambivalent,0.7308464646339417,Ambivalent,0.9642470479011536,Ambivalent,0.7300407290458679,Ambivalent,0.6451690793037415,Ambivalent,0.7175248861312866,Ambivalent
209,Ambivalent,Clear Reply,0.8508214950561523,Ambivalent,0.6359590888023376,Ambivalent,0.5244085192680359,Clear Reply,0.9673120975494384,Clear Reply,0.9374427199363708,Ambivalent,0.5909891724586487,Clear Reply,0.8134204149246216,Ambivalent,0.5326197147369385,Clear Reply
210,Ambivalent,Clear Reply,0.5804080367088318,Ambivalent,0.9440711140632628,Clear Reply,0.5040421485900879,Ambivalent,0.8319964408874512,Ambivalent,0.9172142148017884,Ambivalent,0.5223135352134705,Ambivalent,0.6066392064094543,Ambivalent,0.6965657472610474,Ambivalent
211,Ambivalent,Ambivalent,0.7702491879463196,Ambivalent,0.9816102981567384,Ambivalent,0.7088732719421387,Ambivalent,0.9974623918533324,Ambivalent,0.9451095461845398,Ambivalent,0.6376145482063293,Ambivalent,0.5878520607948303,Ambivalent,0.5710502862930298,Ambivalent
212,Ambivalent,Clear Reply,0.6110401749610901,Clear Reply,0.9926747679710388,Clear Reply,0.6169809699058533,Clear Reply,0.9783915877342224,Clear Reply,0.9870872497558594,Clear Reply,0.9826855659484864,Clear Reply,0.9400243163108826,Clear Reply,0.8037253618240356,Clear Reply
213,Ambivalent,Ambivalent,0.5043671727180481,Ambivalent,0.939935564994812,Clear Reply,0.7203730940818787,Clear Reply,0.9883953332901,Clear Reply,0.936037003993988,Clear Reply,0.6959473490715027,Ambivalent,0.6348579525947571,Ambivalent,0.5880329608917236,Clear Reply
214,Ambivalent,Clear Reply,0.5564677119255066,Clear Reply,0.5545260906219482,Ambivalent,0.660723865032196,Ambivalent,0.4767275154590606,Ambivalent,0.7075192928314209,Ambivalent,0.8957272171974182,Ambivalent,0.6392247080802917,Ambivalent,0.7441127896308899,Ambivalent
215,Ambivalent,Ambivalent,0.7092395424842834,Ambivalent,0.9771521687507628,Ambivalent,0.6683586239814758,Ambivalent,0.9931332468986512,Ambivalent,0.9573175311088562,Ambivalent,0.8698200583457947,Ambivalent,0.6083928942680359,Ambivalent,0.7437027096748352,Ambivalent
216,Ambivalent,Clear Reply,0.7153982520103455,Ambivalent,0.978582501411438,Ambivalent,0.7005146741867065,Ambivalent,0.9644665718078612,Ambivalent,0.7296395897865295,Ambivalent,0.6556383967399597,Ambivalent,0.6211632490158081,Ambivalent,0.6309596300125122,Ambivalent
217,Ambivalent,Ambivalent,0.8219186663627625,Ambivalent,0.9872302412986756,Ambivalent,0.7134113907814026,Ambivalent,0.9980633854866028,Ambivalent,0.9542871713638306,Ambivalent,0.7330464124679565,Ambivalent,0.6184720396995544,Ambivalent,0.6314003467559814,Ambivalent
218,Ambivalent,Ambivalent,0.6637513041496277,Ambivalent,0.9888200163841248,Ambivalent,0.6541309952735901,Ambivalent,0.9928675889968872,Ambivalent,0.9710800647735596,Ambivalent,0.8241803646087646,Ambivalent,0.5810056924819946,Ambivalent,0.657208263874054,Ambivalent
219,Clear Reply,Ambivalent,0.5441240072250366,Clear Reply,0.8735178112983704,Ambivalent,0.6531513333320618,Ambivalent,0.960425078868866,Clear Reply,0.9388156533241272,Clear Reply,0.5146664977073669,Ambivalent,0.5870630145072937,Ambivalent,0.5838445425033569,Ambivalent
220,Ambivalent,Ambivalent,0.6150069236755371,Clear Reply,0.8850932717323303,Ambivalent,0.6778520345687866,Ambivalent,0.9983139038085938,Ambivalent,0.941987931728363,Ambivalent,0.8727681040763855,Clear Reply,0.5727748274803162,Ambivalent,0.5105957984924316,Ambivalent
221,Clear Reply,Clear Reply,0.6476477384567261,Clear Reply,0.5725129842758179,Ambivalent,0.639600932598114,Ambivalent,0.5774198770523071,Ambivalent,0.9206686615943908,Ambivalent,0.9181392788887024,Ambivalent,0.5916330218315125,Ambivalent,0.744288980960846,Ambivalent
222,Ambivalent,Ambivalent,0.6859622001647949,Ambivalent,0.5327557921409607,Ambivalent,0.5710239410400391,Ambivalent,0.9924404621124268,Ambivalent,0.8783316016197205,Ambivalent,0.7975073456764221,Ambivalent,0.5930267572402954,Ambivalent,0.7447079420089722,Ambivalent
223,Clear Reply,Ambivalent,0.7183704972267151,Ambivalent,0.986338198184967,Ambivalent,0.5684760212898254,Clear Reply,0.8944926857948303,Clear Reply,0.8966931104660034,Ambivalent,0.8074765205383301,Clear Reply,0.5132539868354797,Ambivalent,0.7125100493431091,Ambivalent
224,Clear Reply,Clear Reply,0.851135790348053,Ambivalent,0.9630998373031616,Clear Reply,0.4692131578922272,Ambivalent,0.970484495162964,Ambivalent,0.6044636368751526,Ambivalent,0.7097949385643005,Ambivalent,0.5624540448188782,Ambivalent,0.5636451840400696,Ambivalent
225,Ambivalent,Ambivalent,0.5727196931838989,Ambivalent,0.9854146242141724,Ambivalent,0.6802421808242798,Ambivalent,0.9955024123191832,Ambivalent,0.9434036016464232,Ambivalent,0.9144694209098816,Ambivalent,0.6635922193527222,Ambivalent,0.6345345973968506,Ambivalent
226,Ambivalent,Clear Non-Reply,0.7372283935546875,Ambivalent,0.9949254989624025,Ambivalent,0.6453487277030945,Ambivalent,0.8990933299064636,Clear Non-Reply,0.8088659644126892,Clear Non-Reply,0.7158645391464233,Clear Non-Reply,0.5796035528182983,Ambivalent,0.62519770860672,Ambivalent
227,Ambivalent,Ambivalent,0.7614336013793945,Ambivalent,0.9929053783416748,Ambivalent,0.5016555190086365,Ambivalent,0.994455873966217,Ambivalent,0.9498376250267028,Ambivalent,0.8081351518630981,Ambivalent,0.6796250343322754,Ambivalent,0.6031268835067749,Ambivalent
228,Ambivalent,Ambivalent,0.4111970067024231,Clear Non-Reply,0.9844837784767152,Ambivalent,0.582893967628479,Ambivalent,0.7758923768997192,Ambivalent,0.9178293943405152,Ambivalent,0.8231692314147949,Clear Non-Reply,0.9079934358596802,Ambivalent,0.7446491122245789,Ambivalent
229,Clear Reply,Clear Reply,0.7611874341964722,Clear Reply,0.8083419799804688,Clear Reply,0.5402236580848694,Ambivalent,0.906938135623932,Clear Reply,0.9749599695205688,Clear Reply,0.7117502689361572,Ambivalent,0.4882932901382446,Ambivalent,0.6481372714042664,Clear Reply
230,Ambivalent,Clear Reply,0.6851662993431091,Clear Reply,0.9922990202903748,Clear Reply,0.7284828424453735,Ambivalent,0.9505394697189332,Clear Reply,0.9463931322097778,Clear Reply,0.90096116065979,Ambivalent,0.5468529462814331,Clear Reply,0.5695851445198059,Clear Reply
231,Ambivalent,Ambivalent,0.8220159411430359,Ambivalent,0.957996129989624,Ambivalent,0.6475767493247986,Ambivalent,0.8712635040283203,Ambivalent,0.7198117971420288,Ambivalent,0.551501452922821,Ambivalent,0.585533082485199,Ambivalent,0.5781968832015991,Ambivalent
232,Ambivalent,Ambivalent,0.6236347556114197,Ambivalent,0.9908409118652344,Ambivalent,0.7033145427703857,Ambivalent,0.9985692501068116,Ambivalent,0.970784068107605,Ambivalent,0.9048362374305724,Ambivalent,0.605984628200531,Ambivalent,0.6737149357795715,Ambivalent
233,Ambivalent,Clear Reply,0.505928099155426,Ambivalent,0.8867589235305786,Ambivalent,0.5029206275939941,Ambivalent,0.5702468156814575,Ambivalent,0.7920235991477966,Ambivalent,0.6447615623474121,Ambivalent,0.6066922545433044,Ambivalent,0.6930582523345947,Ambivalent
234,Ambivalent,Clear Reply,0.5947256684303284,Ambivalent,0.8948181867599487,Ambivalent,0.5646675229072571,Ambivalent,0.9679930210113524,Clear Reply,0.9490149617195128,Clear Reply,0.5410948395729065,Ambivalent,0.4865615963935852,Ambivalent,0.7021583318710327,Ambivalent
235,Ambivalent,Ambivalent,0.7202842235565186,Ambivalent,0.9952620267868042,Ambivalent,0.4985901117324829,Ambivalent,0.978271186351776,Ambivalent,0.8633670210838318,Clear Reply,0.55484539270401,Ambivalent,0.526220440864563,Ambivalent,0.7000969052314758,Ambivalent
236,Clear Reply,Clear Reply,0.7090564966201782,Clear Reply,0.9438971877098083,Ambivalent,0.6611184477806091,Ambivalent,0.8581488132476807,Clear Reply,0.7024030685424805,Clear Reply,0.7700781226158142,Clear Reply,0.5503062605857849,Ambivalent,0.6633347272872925,Clear Reply
237,Clear Non-Reply,Clear Non-Reply,0.9523296356201172,Clear Non-Reply,0.998300850391388,Clear Non-Reply,0.9542747139930724,Clear Non-Reply,0.997750461101532,Clear Non-Reply,0.998034656047821,Clear Non-Reply,0.992408037185669,Clear Non-Reply,0.9502888321876526,Clear Non-Reply,0.9885157346725464,Clear Non-Reply
238,Ambivalent,Clear Non-Reply,0.6620375514030457,Clear Non-Reply,0.6975075602531433,Ambivalent,0.6780851483345032,Ambivalent,0.7421247363090515,Clear Non-Reply,0.8274067044258118,Clear Non-Reply,0.831880509853363,Clear Non-Reply,0.4750503301620483,Clear Non-Reply,0.6526386737823486,Clear Non-Reply
239,Clear Reply,Clear Reply,0.5808461904525757,Ambivalent,0.9889411330223083,Clear Reply,0.6423555612564087,Ambivalent,0.9908785223960876,Ambivalent,0.8530572056770325,Clear Reply,0.6953254342079163,Ambivalent,0.6120878458023071,Ambivalent,0.6870242953300476,Ambivalent
240,Clear Non-Reply,Clear Non-Reply,0.5750882029533386,Clear Non-Reply,0.6069707274436951,Ambivalent,0.5864517092704773,Clear Non-Reply,0.9271673560142516,Clear Non-Reply,0.9496473073959352,Clear Non-Reply,0.9326519966125488,Clear Non-Reply,0.5086643695831299,Clear Non-Reply,0.9737721681594848,Clear Non-Reply
241,Ambivalent,Ambivalent,0.5173540711402893,Ambivalent,0.8001058101654053,Ambivalent,0.4935556948184967,Ambivalent,0.960647702217102,Clear Reply,0.6358415484428406,Clear Reply,0.8602181077003479,Ambivalent,0.5155903697013855,Ambivalent,0.5632269382476807,Ambivalent
242,Clear Reply,Clear Reply,0.8146345615386963,Clear Reply,0.9812142848968506,Clear Reply,0.5560378432273865,Ambivalent,0.8811776638031006,Clear Reply,0.9409833550453186,Clear Reply,0.9317349195480348,Clear Reply,0.764717161655426,Clear Reply,0.8333810567855835,Clear Reply
243,Ambivalent,Ambivalent,0.5970810055732727,Ambivalent,0.8226422667503357,Ambivalent,0.6322477459907532,Ambivalent,0.995657444000244,Ambivalent,0.8692142963409424,Ambivalent,0.8053603768348694,Clear Non-Reply,0.6009964942932129,Ambivalent,0.715976357460022,Ambivalent
244,Ambivalent,Ambivalent,0.7842634320259094,Clear Reply,0.6615134477615356,Ambivalent,0.6665915846824646,Ambivalent,0.8025445938110352,Ambivalent,0.8577496409416199,Ambivalent,0.9047183990478516,Ambivalent,0.6325942873954773,Ambivalent,0.7143566012382507,Ambivalent
245,Ambivalent,Clear Reply,0.7821292877197266,Clear Reply,0.9944366216659546,Clear Reply,0.571038544178009,Clear Reply,0.9295930862426758,Ambivalent,0.965711772441864,Clear Reply,0.7536039352416992,Clear Reply,0.7416507601737976,Clear Reply,0.7562234401702881,Clear Reply
246,Ambivalent,Ambivalent,0.8128551840782166,Ambivalent,0.9870650768280028,Ambivalent,0.5127846002578735,Ambivalent,0.8889825344085693,Ambivalent,0.9488012194633484,Ambivalent,0.936841607093811,Ambivalent,0.7489020228385925,Ambivalent,0.7381308674812317,Ambivalent
247,Clear Reply,Clear Reply,0.9062195420265198,Clear Reply,0.9840840697288512,Clear Reply,0.8487945199012756,Clear Reply,0.6940478682518005,Clear Reply,0.9879224896430968,Clear Reply,0.9813061356544496,Clear Reply,0.8492237329483032,Clear Reply,0.5994675159454346,Clear Reply
248,Ambivalent,Ambivalent,0.6667923927307129,Ambivalent,0.9917783141136168,Ambivalent,0.6477649211883545,Ambivalent,0.9976995587348938,Ambivalent,0.9618831276893616,Ambivalent,0.7946487069129944,Ambivalent,0.641559898853302,Ambivalent,0.7359864711761475,Ambivalent
249,Clear Reply,Clear Reply,0.9035348296165466,Ambivalent,0.630183756351471,Clear Reply,0.8209853768348694,Clear Reply,0.9943168759346008,Clear Reply,0.9551742672920228,Clear Reply,0.8901700973510742,Clear Reply,0.5862485766410828,Clear Reply,0.6652918457984924,Clear Reply
250,Clear Reply,Ambivalent,0.358016163110733,Clear Non-Reply,0.9883407354354858,Ambivalent,0.5188271999359131,Clear Reply,0.971907913684845,Ambivalent,0.851257860660553,Ambivalent,0.533920168876648,Clear Non-Reply,0.892549455165863,Ambivalent,0.7432330250740051,Ambivalent
251,Ambivalent,Ambivalent,0.6369682550430298,Ambivalent,0.8762612342834473,Ambivalent,0.6201155781745911,Clear Reply,0.948832392692566,Clear Reply,0.5036458373069763,Ambivalent,0.5791938900947571,Clear Non-Reply,0.6130537390708923,Ambivalent,0.6806316375732422,Ambivalent
252,Clear Reply,Clear Reply,0.5773720741271973,Ambivalent,0.8904736042022705,Clear Reply,0.5609296560287476,Clear Reply,0.98127543926239,Ambivalent,0.7583125233650208,Clear Reply,0.5065808296203613,Clear Reply,0.6716444492340088,Ambivalent,0.616618812084198,Clear Reply
253,Ambivalent,Ambivalent,0.7190811634063721,Clear Reply,0.8572821617126465,Ambivalent,0.5474351048469543,Ambivalent,0.6038873791694641,Ambivalent,0.9425406455993652,Ambivalent,0.5933552384376526,Ambivalent,0.6319634318351746,Ambivalent,0.6874278783798218,Ambivalent
254,Ambivalent,Ambivalent,0.622251570224762,Clear Non-Reply,0.9874815940856934,Clear Non-Reply,0.9659938216209412,Ambivalent,0.6927708387374878,Clear Non-Reply,0.973105251789093,Clear Non-Reply,0.98436838388443,Clear Non-Reply,0.9425901174545288,Clear Non-Reply,0.9864627718925476,Clear Non-Reply
255,Clear Reply,Clear Reply,0.5516131520271301,Ambivalent,0.8041206002235413,Ambivalent,0.5722491145133972,Ambivalent,0.9903546571731568,Ambivalent,0.7833967208862305,Clear Reply,0.7083561420440674,Clear Reply,0.5029471516609192,Ambivalent,0.6796689629554749,Ambivalent
256,Ambivalent,Ambivalent,0.7157590985298157,Ambivalent,0.984510898590088,Ambivalent,0.6737407445907593,Ambivalent,0.9982929825782776,Ambivalent,0.9631757736206056,Ambivalent,0.9033297300338744,Ambivalent,0.5926830768585205,Ambivalent,0.6936433911323547,Ambivalent
257,Clear Reply,Clear Reply,0.613319993019104,Ambivalent,0.8420200347900391,Ambivalent,0.6161120533943176,Ambivalent,0.7824167609214783,Ambivalent,0.609193742275238,Clear Reply,0.593299388885498,Ambivalent,0.5889012813568115,Ambivalent,0.6863735318183899,Ambivalent
258,Clear Non-Reply,Clear Non-Reply,0.9087913632392884,Clear Non-Reply,0.971053659915924,Clear Non-Reply,0.3906822204589844,Clear Non-Reply,0.9223109483718872,Clear Non-Reply,0.9621269702911376,Clear Non-Reply,0.9759244322776794,Clear Non-Reply,0.8213984966278076,Clear Non-Reply,0.9708918929100036,Clear Non-Reply
259,Clear Reply,Clear Reply,0.8898806571960449,Clear Reply,0.9965065121650696,Clear Reply,0.6730433702468872,Clear Reply,0.9932708144187928,Clear Reply,0.9195883274078368,Clear Reply,0.9557860493659972,Clear Reply,0.6404516100883484,Clear Reply,0.7895864248275757,Clear Reply
260,Clear Reply,Clear Reply,0.9031441807746888,Clear Non-Reply,0.7369298338890076,Clear Non-Reply,0.9110206365585328,Clear Reply,0.6977729201316833,Clear Non-Reply,0.8371996283531189,Clear Reply,0.536533534526825,Clear Non-Reply,0.6462173461914062,Clear Reply,0.7914858460426331,Clear Non-Reply
261,Ambivalent,Ambivalent,0.5797768831253052,Clear Reply,0.8648514151573181,Ambivalent,0.5813385844230652,Ambivalent,0.990925669670105,Clear Reply,0.9329519867897034,Ambivalent,0.9122958779335022,Ambivalent,0.6103814840316772,Ambivalent,0.5823593735694885,Ambivalent
262,Ambivalent,Ambivalent,0.6947784423828125,Ambivalent,0.9242076873779296,Ambivalent,0.6671566963195801,Ambivalent,0.9531950354576112,Clear Reply,0.6009779572486877,Ambivalent,0.9051145315170288,Ambivalent,0.6612882018089294,Ambivalent,0.740007221698761,Ambivalent
263,Clear Non-Reply,Clear Non-Reply,0.7025429606437683,Clear Non-Reply,0.9964277148246764,Clear Non-Reply,0.9054607152938844,Clear Non-Reply,0.9253563284873962,Clear Non-Reply,0.7181074619293213,Clear Non-Reply,0.930224359035492,Clear Non-Reply,0.8144223690032959,Clear Non-Reply,0.9834232330322266,Clear Non-Reply
264,Clear Non-Reply,Ambivalent,0.6544952392578125,Clear Non-Reply,0.9924625158309937,Ambivalent,0.5288023352622986,Clear Non-Reply,0.6457492113113403,Ambivalent,0.9157385230064392,Ambivalent,0.656397819519043,Clear Non-Reply,0.4958367645740509,Ambivalent,0.7410832047462463,Ambivalent
265,Clear Non-Reply,Clear Non-Reply,0.8558977842330933,Ambivalent,0.7672317624092102,Clear Non-Reply,0.8395203351974487,Clear Non-Reply,0.5501593351364136,Ambivalent,0.9211660623550416,Clear Non-Reply,0.7896792888641357,Clear Non-Reply,0.5343664288520813,Clear Non-Reply,0.8313053846359253,Clear Non-Reply
266,Ambivalent,Ambivalent,0.7176697254180908,Ambivalent,0.916935384273529,Ambivalent,0.5843938589096069,Ambivalent,0.9938371777534484,Ambivalent,0.9691393971443176,Ambivalent,0.7955242991447449,Ambivalent,0.5735558867454529,Ambivalent,0.6466411352157593,Ambivalent
267,Clear Reply,Ambivalent,0.7680853009223938,Ambivalent,0.6144142746925354,Ambivalent,0.6599814295768738,Ambivalent,0.9991508722305298,Ambivalent,0.7502750754356384,Ambivalent,0.7833182215690613,Ambivalent,0.6248630881309509,Ambivalent,0.598092794418335,Ambivalent
268,Clear Reply,Clear Reply,0.623619556427002,Ambivalent,0.9934737086296082,Ambivalent,0.6330220699310303,Clear Reply,0.9457777738571168,Clear Reply,0.9138600826263428,Clear Reply,0.5981296300888062,Clear Reply,0.5406688451766968,Ambivalent,0.5651823878288269,Clear Reply
269,Ambivalent,Clear Reply,0.7628370523452759,Ambivalent,0.6402140855789185,Clear Reply,0.8510501384735107,Clear Reply,0.8661758899688721,Clear Reply,0.6033073663711548,Clear Reply,0.5436177849769592,Ambivalent,0.6319193243980408,Ambivalent,0.6981574296951294,Clear Reply
270,Ambivalent,Clear Reply,0.5338215231895447,Clear Reply,0.9730206727981568,Clear Reply,0.6688850522041321,Clear Reply,0.94244122505188,Clear Reply,0.7438185214996338,Clear Reply,0.787198007106781,Clear Reply,0.6141291260719299,Ambivalent,0.6484746932983398,Clear Reply
271,Ambivalent,Clear Non-Reply,0.6030913591384888,Ambivalent,0.9887036681175232,Ambivalent,0.541026771068573,Clear Non-Reply,0.7373456358909607,Ambivalent,0.8983036279678345,Clear Non-Reply,0.515447199344635,Clear Non-Reply,0.6289323568344116,Ambivalent,0.4634208083152771,Ambivalent
272,Ambivalent,Ambivalent,0.7924805879592896,Ambivalent,0.9961430430412292,Ambivalent,0.6619872450828552,Ambivalent,0.9979935884475708,Ambivalent,0.9670777320861816,Ambivalent,0.9261992573738098,Ambivalent,0.7488057017326355,Ambivalent,0.7286098003387451,Ambivalent
273,Ambivalent,Ambivalent,0.7056359648704529,Clear Reply,0.5102975368499756,Ambivalent,0.4838152825832367,Clear Reply,0.9534074664115906,Ambivalent,0.8341660499572754,Clear Reply,0.8495854735374451,Ambivalent,0.6025685667991638,Ambivalent,0.6614461541175842,Ambivalent
274,Ambivalent,Ambivalent,0.5872220993041992,Ambivalent,0.9871577620506288,Ambivalent,0.6773396134376526,Ambivalent,0.9847166538238524,Ambivalent,0.6565481424331665,Clear Reply,0.5282799601554871,Ambivalent,0.6171644926071167,Ambivalent,0.7376515865325928,Ambivalent
275,Ambivalent,Ambivalent,0.4525797367095947,Ambivalent,0.5552021265029907,Clear Non-Reply,0.8877702951431274,Ambivalent,0.9852729439735411,Ambivalent,0.9689422845840454,Ambivalent,0.7756470441818237,Ambivalent,0.641557514667511,Ambivalent,0.6597986817359924,Ambivalent
276,Ambivalent,Clear Non-Reply,0.757619321346283,Clear Non-Reply,0.9930241107940674,Ambivalent,0.5904214978218079,Ambivalent,0.5987030863761902,Clear Non-Reply,0.5918998122215271,Clear Non-Reply,0.9464076161384584,Clear Non-Reply,0.4928755164146423,Clear Non-Reply,0.9619986414909364,Clear Non-Reply
277,Clear Non-Reply,Clear Non-Reply,0.5212339758872986,Clear Non-Reply,0.6743422746658325,Ambivalent,0.6243759393692017,Ambivalent,0.7394948601722717,Clear Non-Reply,0.7277092933654785,Clear Non-Reply,0.8507254719734192,Ambivalent,0.5990893244743347,Ambivalent,0.6515764594078064,Clear Non-Reply
278,Ambivalent,Ambivalent,0.6404460072517395,Ambivalent,0.9869908690452576,Ambivalent,0.6527172327041626,Ambivalent,0.9885568618774414,Ambivalent,0.9703594446182252,Ambivalent,0.9282119870185852,Ambivalent,0.6418376564979553,Ambivalent,0.6597287058830261,Ambivalent
279,Ambivalent,Ambivalent,0.586001455783844,Clear Reply,0.9787228107452391,Ambivalent,0.5983790755271912,Ambivalent,0.9920471906661988,Ambivalent,0.9087780117988586,Ambivalent,0.6888799667358398,Ambivalent,0.5651143789291382,Ambivalent,0.600029706954956,Ambivalent
280,Ambivalent,Clear Non-Reply,0.5606479644775391,Ambivalent,0.9883517622947692,Ambivalent,0.6542502641677856,Clear Non-Reply,0.9942935109138488,Ambivalent,0.936597228050232,Ambivalent,0.920771300792694,Clear Non-Reply,0.7197383046150208,Clear Non-Reply,0.7246827483177185,Clear Non-Reply
281,Ambivalent,Clear Reply,0.9304962754249572,Clear Reply,0.9938964247703552,Clear Reply,0.746322512626648,Clear Reply,0.9923702478408812,Clear Reply,0.9787726402282716,Ambivalent,0.6085253357887268,Clear Reply,0.6689499020576477,Ambivalent,0.5076930522918701,Clear Reply
282,Clear Reply,Clear Reply,0.94368577003479,Clear Reply,0.9960182309150696,Clear Reply,0.7890181541442871,Clear Reply,0.9983857870101928,Clear Reply,0.988699734210968,Clear Reply,0.8976027965545654,Clear Reply,0.6623599529266357,Clear Reply,0.8483622670173645,Clear Reply
283,Ambivalent,Ambivalent,0.6418904066085815,Ambivalent,0.5762148499488831,Ambivalent,0.6324993371963501,Ambivalent,0.908351719379425,Ambivalent,0.5140610337257385,Ambivalent,0.5241906046867371,Ambivalent,0.575823187828064,Ambivalent,0.5372896790504456,Ambivalent
284,Ambivalent,Clear Reply,0.6645420789718628,Clear Reply,0.968050181865692,Ambivalent,0.6127108931541443,Ambivalent,0.9213622212409972,Ambivalent,0.9087289571762084,Ambivalent,0.8689674139022827,Ambivalent,0.556117594242096,Ambivalent,0.5872026681900024,Ambivalent
285,Clear Non-Reply,Ambivalent,0.8995248675346375,Clear Reply,0.977400243282318,Clear Non-Reply,0.6241138577461243,Clear Non-Reply,0.998427391052246,Clear Non-Reply,0.9979034662246704,Clear Non-Reply,0.9779146909713744,Clear Non-Reply,0.9670043587684632,Clear Non-Reply,0.9940447211265564,Clear Non-Reply
286,Ambivalent,Clear Non-Reply,0.5691490769386292,Clear Non-Reply,0.7934731841087341,Ambivalent,0.6540362238883972,Ambivalent,0.9823733568191528,Ambivalent,0.9714070558547974,Clear Non-Reply,0.8007627725601196,Ambivalent,0.5076162219047546,Ambivalent,0.7376222610473633,Ambivalent
287,Ambivalent,Ambivalent,0.7237702012062073,Ambivalent,0.8880118131637573,Ambivalent,0.5937256217002869,Ambivalent,0.9178466200828552,Ambivalent,0.7587350010871887,Ambivalent,0.5725475549697876,Ambivalent,0.5118257999420166,Ambivalent,0.5551442503929138,Ambivalent
288,Clear Non-Reply,Ambivalent,0.5813538432121277,Ambivalent,0.9855556488037108,Ambivalent,0.5034972429275513,Ambivalent,0.9843214750289916,Ambivalent,0.9674302339553832,Ambivalent,0.7123993635177612,Ambivalent,0.637270987033844,Ambivalent,0.6709942817687988,Ambivalent
289,Ambivalent,Ambivalent,0.5737787485122681,Clear Reply,0.9233031272888184,Ambivalent,0.5297863483428955,Ambivalent,0.9858341813087464,Clear Reply,0.962191879749298,Ambivalent,0.609408974647522,Ambivalent,0.61153244972229,Ambivalent,0.7086993455886841,Ambivalent
290,Clear Reply,Ambivalent,0.5354605317115784,Ambivalent,0.980041205883026,Ambivalent,0.641569197177887,Clear Reply,0.545706570148468,Clear Reply,0.6785548329353333,Clear Reply,0.6314179301261902,Ambivalent,0.6466705203056335,Ambivalent,0.7422766089439392,Ambivalent
291,Clear Reply,Clear Reply,0.6079657673835754,Clear Reply,0.9373735189437866,Ambivalent,0.5681053996086121,Ambivalent,0.6755076050758362,Clear Reply,0.9501070380210876,Clear Reply,0.6373359560966492,Ambivalent,0.54623943567276,Ambivalent,0.5389704704284668,Clear Reply
292,Clear Reply,Clear Reply,0.6261704564094543,Clear Reply,0.9699808955192566,Clear Reply,0.6876158118247986,Clear Reply,0.9758819341659546,Clear Reply,0.9581118822097778,Clear Reply,0.9236053824424744,Clear Reply,0.7045928835868835,Clear Reply,0.6207485795021057,Clear Reply
293,Clear Reply,Clear Reply,0.5745275020599365,Ambivalent,0.8766047954559326,Clear Reply,0.7208802700042725,Clear Reply,0.8903417587280273,Clear Reply,0.9217211604118348,Clear Reply,0.729285478591919,Ambivalent,0.6385931372642517,Ambivalent,0.5502946972846985,Clear Reply
294,Ambivalent,Ambivalent,0.6227250695228577,Clear Reply,0.6601302623748779,Ambivalent,0.613700807094574,Ambivalent,0.9932188391685486,Clear Reply,0.8501547574996948,Ambivalent,0.6200323700904846,Ambivalent,0.5064800381660461,Ambivalent,0.5108762383460999,Ambivalent
295,Ambivalent,Ambivalent,0.5769373178482056,Ambivalent,0.988490343093872,Ambivalent,0.6967760324478149,Ambivalent,0.9620937705039978,Ambivalent,0.5007486343383789,Ambivalent,0.6272580623626709,Ambivalent,0.5869565606117249,Ambivalent,0.5545558929443359,Ambivalent
296,Ambivalent,Ambivalent,0.5334883332252502,Ambivalent,0.5676787495613098,Ambivalent,0.6435904502868652,Clear Reply,0.5091888904571533,Ambivalent,0.5603851675987244,Ambivalent,0.5302934050559998,Ambivalent,0.6456822156906128,Ambivalent,0.6086846590042114,Ambivalent
297,Ambivalent,Ambivalent,0.6702889204025269,Clear Non-Reply,0.9809397459030152,Clear Non-Reply,0.9663445353507996,Clear Non-Reply,0.8832314610481262,Clear Non-Reply,0.9941441416740416,Clear Non-Reply,0.973213255405426,Clear Non-Reply,0.9335414171218872,Clear Non-Reply,0.988639235496521,Clear Non-Reply
298,Clear Reply,Clear Reply,0.748571515083313,Ambivalent,0.8790696263313293,Ambivalent,0.5624988675117493,Clear Reply,0.961105227470398,Clear Reply,0.9612475037574768,Ambivalent,0.8935503959655762,Clear Reply,0.597342312335968,Ambivalent,0.7444881200790405,Clear Reply
299,Clear Reply,Clear Reply,0.7926398515701294,Clear Reply,0.811924934387207,Clear Reply,0.8428655862808228,Clear Reply,0.9919683337211608,Clear Reply,0.9600868225097656,Clear Reply,0.93906968832016,Ambivalent,0.6877647042274475,Ambivalent,0.6548870205879211,Clear Reply
300,Clear Non-Reply,Clear Non-Reply,0.7868005037307739,Clear Non-Reply,0.5612226128578186,Clear Non-Reply,0.6046881675720215,Clear Non-Reply,0.9991649389266968,Clear Non-Reply,0.8421014547348022,Clear Non-Reply,0.7610689997673035,Clear Non-Reply,0.9693039059638976,Clear Non-Reply,0.9941078424453736,Clear Non-Reply
301,Ambivalent,Ambivalent,0.6642540097236633,Ambivalent,0.902385711669922,Ambivalent,0.6729286909103394,Ambivalent,0.985871970653534,Ambivalent,0.968418300151825,Ambivalent,0.8868447542190552,Ambivalent,0.6377817988395691,Ambivalent,0.679584801197052,Ambivalent
302,Ambivalent,Clear Reply,0.5776280760765076,Ambivalent,0.9535535573959352,Ambivalent,0.6695510149002075,Clear Reply,0.9033538699150084,Clear Reply,0.8790111541748047,Clear Reply,0.6869998574256897,Clear Reply,0.5503867268562317,Ambivalent,0.5423819422721863,Clear Reply
303,Ambivalent,Ambivalent,0.5590104460716248,Ambivalent,0.8904045224189758,Ambivalent,0.6679208874702454,Ambivalent,0.9790652990341188,Clear Reply,0.7443196177482605,Ambivalent,0.884954571723938,Ambivalent,0.6069504618644714,Ambivalent,0.6266712546348572,Ambivalent
304,Ambivalent,Clear Reply,0.6729497313499451,Clear Reply,0.937714457511902,Clear Reply,0.6775066256523132,Clear Reply,0.7617710828781128,Clear Reply,0.977133810520172,Clear Reply,0.6524628400802612,Ambivalent,0.6581635475158691,Ambivalent,0.569335401058197,Clear Reply
305,Clear Reply,Ambivalent,0.500029981136322,Clear Reply,0.9674838185310364,Clear Reply,0.5023340582847595,Clear Reply,0.9871377944946288,Ambivalent,0.8115957379341125,Clear Reply,0.7540332078933716,Clear Non-Reply,0.6142098307609558,Ambivalent,0.7322618961334229,Clear Reply
306,Ambivalent,Ambivalent,0.7083675265312195,Ambivalent,0.9203128218650818,Ambivalent,0.5728108882904053,Ambivalent,0.9985790252685548,Ambivalent,0.4928299188613891,Ambivalent,0.8766352534294128,Ambivalent,0.5425291657447815,Ambivalent,0.741115927696228,Ambivalent
307,Clear Reply,Ambivalent,0.5868545770645142,Clear Reply,0.9815482497215272,Clear Reply,0.5072273015975952,Clear Reply,0.964066445827484,Ambivalent,0.8333672285079956,Ambivalent,0.9039668440818788,Ambivalent,0.7278846502304077,Ambivalent,0.7167226672172546,Ambivalent
